Id,Name,website,cats
17436,Alpha Professional Tools,www.alpha-tools.com,1020;1063;1065
17437,Afton Chemical Corporation,www.aftonchemical.com,
17438,"Calumet Branded Products, LLC",www.belray.com,1025;1029;1113;1134
17439,"Bright Bay Products, LLC",www.brightbayproducts.com,
17440,NOMACO,www.nomaco.com,
17441,Gem Plastics,www.gemplastics.com,1021;1040;1069;1209
17442,Marine Co. Inc. HDB Marine,www.hdbmarine.com,
17443,Hydrohoist of Tennessee,www.boatlift.om,1023;1082;1084;1087
17444,Iris Innovations,www.boat-cameras.com,
17445,JMP Marine LLC,www.jmpusa.com,
17446,"Klingspor Abrasives, Inc.",www.klingspor.com,1020;1021;1062;1068
17447,Lithium Products LLC d/b/a Lithium Pros,www.lithiumpros.com,1024;1037;1093;1183
17448,"Lumishore USA, LLC",www.lumishore.com,1032;1152
17449,MAST Products & E-Led Lighting Inc.,www.mastproducts.com,
17450,"Odorlos /Yara North America, Inc.",www.odorlos.com,
17451,PlasDeck Inc.,www.plasdeck.com,1021;1039;1069;1201
17452,"Sharrow Engineering, LLC","Coming Soon",
17453,"303 Products, Inc.",www.303products.com,
17454,3M Marine,www.3m.com/marine,1020;1021;1025;1060;1061;1062;1063;1064;1065;1068;1100;1101
17455,"Bass Products, a division of PEPCO",www.bassproducts.com,1024;1026;1095;1117
17456,True Heading / Seapilot,www.trueheading.se/us,1021;1024;1033;1034;1074;1097;1156;1164;1166;1170
17457,3M Canada Company,www.3m.com/canada,1021;1025;1068;1070;1101
17458,ProMariner,www.promariner.com,1024;1026;1037;1093;1095;1117;1183
17459,"Scandvik, Inc.",www.scandvik.com,1018;1023;1029;1031;1032;1035;1037;1038;1042;1043;1048;1088;1137;1146;1147;1152;1174;1175;1183;1197;1199;1216
17460,Accmar Equipment  Company,www.AccmarEquipment.com,
17461,Sturdy Marine Div. Sturdy Corp.,www.sturdycorp.com,1024;1025;1033;1037;1098;1108;1157;1184
17462,"Ace Boat Lifts, LLC",www.aceboatlifts.com,1023;1082;1084;1085;1086;1087
17463,Acme Marine Group/Acme Propellers,www.acmemarine.com,1036;1181
17464,AERE Marine Group,www.aeremarinegroup.com,1018;1031;1039;1047;1148;1149;1202
17465,Aetna Engineering,www.aetnaengineering.com,1026;1033;1117;1161
17466,"Marine Depot, Inc.",www.marinedepotdirect.com,1023;1028;1031;1032;1033;1034;1040;1083;1132;1133;1145;1148;1149;1151;1154;1155;1170;1209
17467,"FIAMM Technologies, LLC",www.fiamm.com,1037;1190
17468,"Air Boom, Inc.",www.airboom.com,
17469,"Aqua Air Mfg. Div. J.D. Nall Co., Inc.",www.aquaair.com,1025;1035;1041;1103;1175;1210;1211
17470,Mankiewicz Coatings LLC,www.alexseal.com,1020;1065
17471,"Alpine Electronics of America, Inc.",www.alpine.com,
17472,"Road King Trailers, Inc.",www.roadkingtrailers.com,
17473,"Florida Marine Tanks, Inc.",www.floridamarinetanks.com,1029;1035;1137;1177
17474,"Waterland Manufacturing, Inc.",www.continentaltrailers.com,1023;1040;1084;1204;1205;1208;1209
17475,Float-On Corp.,www.floaton.com,1023;1031;1038;1040;1082;1084;1090;1149;1199;1205;1208;1209
17476,Rocket Trailers Corporation,www.rockettrailer.com,1023;1040;1084;1090;1204;1205;1206;1208;1209
17477,"Stainless Marine, Inc.",www.stainlessmarine.com,
17478,"RDS Manufacturing, Inc.",www.rdsaluminum.com,1029;1137
17479,"Lee's Tackle, Inc.",www.leetackle.com,1027;1028;1124;1130;1132;1133
17480,"E.V.M., Inc.",www.evminc.com,1029;1035;1136;1174
17481,"Hi-Tide Sales, Inc.",www.hi-tide.com,1023;1031;1082;1084;1085;1086;1091;1149
17482,Ambassador Marine (Division of Associated Marketing Concepts,www.ambassadormarine.com,1035;1177
17483,Amera Trail,www.ameratrail.com,1040;1205;1209
17484,"Ameritex Fabric Systems/ Taylor Made Group, LLC",www.ameritexfabrics.com,1022;1039;1076;1078;1200
17485,"Kahlenberg Industries, Inc.",www.kahlenberg.com,1025;1031;1103;1150
17486,"Anchor & Docking, Inc.",www.anchorlift.com,
17487,Sea Hawk Paints,www.seahawkpaints.com,1020;1065
17488,AO Coolers,www.aocoolers.com,
17489,First Watch Flotation Gear,www.1stWatch.com,
17490,"Apex Canvas Company, LLC",www.apexcanvas.com,1022;1076;1078;1079
17491,Aqualuma,www.aqualuma.com,1032;1154
17492,"Aquatic AV, Inc.",www.aquaticav.com,1033;1160
17493,"Argonaut Computer, Inc.",www.argonautcomputer.com,
17494,"Arid Bilge Systems, Inc.",www.aridbilge.com,1025;1035;1037;1107;1172;1184
17495,TechnikAL13 Welding,www.technikal.ca,1029;1137
17496,"Atkins & Hoyle, Ltd.",www.atkinshoyle.com,
17497,Audiopipe Marine,www.audiopipemarine.com,1033;1160
17498,SHURflo / Pentair,www.shurflo.com,1027;1030;1035;1124;1143;1172;1173;1174;1175;1176;1177
17499,ASA Electronics,www.asaelectronics.com,1033;1160
17500,Cummins Ltd.,www.cumminsengines.com/marine,1024;1095
17501,Scott Bader-ATC,www.scottbader-atc.com,1021;1068
17502,"Atlantic Radio Telephone, Inc.",www.satphonestore.com,1024;1025;1033;1034;1096;1104;1157;1158;1162;1163;1164;1166;1169
17503,"Aurinco, Inc.",www.aurinco.com,
17504,AWLGRIP North America,www.awlgrip.com,1020;1065
17505,B & M Manufacturing Company,www.haulritetrailers.net,1040;1205;1206;1208;1209
17506,"B & S Marine Anodes, LLC",www.bandszincs.com,
17507,BackTrack Trailers,www.xpressboats.com,1040;1205
17508,Bad 2D Bone Trailers Inc.,www.bad2dbonetrailers.com,
17509,Bainbridge International,www.bainbridgeintcatalogs.com,1022;1039;1075;1200
17510,Barbron Corporation,www.waynewire.com,
17511,"Charles Industries, Ltd. Marine Group",www.charlesindustries.com,
17512,Bay Manufacturing Division of Hemco Corp.,www.baymfg.com,1025;1105;1108
17513,Twin Disc SRL,www.twindisc.com,1025;1036;1111;1179;1180
17514,"Beckson Marine, Inc.",www.beckson.com,1031;1035;1038;1147;1151;1174;1197
17515,American Marine Canvas & Upholstery,www.american-marine.com,1022;1039;1076;1200;1201
17516,Caframo Ltd.,www.caframo.com,1024;1041;1094;1210;1211
17517,Black Bart International,www.blackbartlures.com,
17518,Blue Gas Marine,www.bluegasmarine.com,
17519,Blue Water Desalination LLC,www.bluewaterdesalination.com,1035;1173;1175
17520,BluSkies International,www.bluskies.us,1025;1029;1105;1136;1137
17521,MarQuipt,www.marquipt.com,1018;1023;1031;1047;1080;1144;1149
17522,Seastar Solutions - Fuel Systems,www.moellermarine.com,1019;1023;1025;1027;1028;1029;1030;1031;1035;1039;1040;1042;1055;1088;1108;1124;1128;1129;1130;1135;1136;1137;1142;1145;1149;1177;1202;1203;1209;1221
17523,"Venture Trailers, Inc.",www.venturetrailers.com,1040;1205
17524,"Shurhold Industries, Inc.",www.shurhold.com,1020;1025;1027;1060;1066;1107;1124
17525,Star Brite Corp.,www.starbrite.com,1020;1021;1025;1029;1040;1060;1062;1063;1064;1065;1066;1068;1073;1113;1134;1138;1209
17526,"Caviness Woodworking Co., Inc.",www.cavinesspaddles.com,1042;1213
17527,"Hewitt Docks, Lifts & Pontoon Legs",www.hewittrad.com,1018;1023;1031;1038;1047;1082;1083;1084;1086;1091;1149;1199
17528,"The Wise Company, Inc.",www.wiseseats.com,1019;1020;1028;1039;1055;1061;1130;1202;1203
17529,Tebben Enterprises Inc.,www.tebben.us,
17530,"EZ Loader Boat Trailers, Inc.",www.ezloader.com,1040;1204;1205;1208;1209
17531,"EZ Loader Boat Trailers, Inc.",www.ezloader.com,
17532,"Midwest Industries, Inc.",www.shorestation.com,1018;1023;1039;1040;1047;1082;1084;1085;1086;1087;1091;1092;1203;1204;1205;1208;1209
17533,"Water Bonnet Mfg., Inc.",www.waterbonnet.com,1031;1151
17534,IMMI/BoatBuckle Brand Tie-Down Systems,www.boatbuckle.com,1022;1028;1031;1040;1076;1133;1145;1209
17535,KUS USA,www.wemausa.com,1026;1027;1028;1029;1033;1035;1036;1037;1117;1124;1133;1136;1161;1172;1176;1179;1184
17536,"BoatMate Trailers, LLC",www.boatmatetrailers.com,1040;1205;1209
17537,Broward Casting Foundry,www.browardcasting.com,
17538,Brownell Boat Stands,www.boatstands.com,1023;1040;1082;1084;1090;1204;1209
17539,C-Map,www.c-map.com,1024;1025;1033;1034;1097;1104;1158;1159;1164
17540,Broodle Brands,www.broodlebrands.com,
17541,"Buffalo Shrink Wrap, Inc.",www.buffaloshrinkwrap.com,
17542,Camco,www.camco.net,1020;1062
17543,Syntec Industries,www.syntecind.com,1020;1021;1039;1061;1068;1200;1201
17544,Taylor Brite,www.taylorbrite.com,1032;1152;1154
17545,CDI Electronics LLC,www.cdielectronics.com,1024;1025;1098;1108
17546,"Cerion Energy, Inc.",www.cerionenergy.com,
17547,"Chafe-Pro by FJORD, Inc.",www.chafepro.com,1023;1033;1035;1083;1160;1174
17548,Challenger Hardware Co.,www.challengerhardware.com,
17549,Nautical Structures,www.nautical-structures.com,1023;1031;1037;1039;1080;1144;1149;1194;1202
17550,Clean Marine Systems Inc.,www.cleanmarine.com,
17551,Club Kit dba Clear Cote Inc.,www.clubkitclearcote.com,1020;1021;1065;1068
17552,Marine East,www.marineeast.com,1023;1025;1027;1028;1029;1031;1035;1036;1037;1086;1110;1124;1129;1133;1136;1137;1145;1147;1174;1178;1187;1195
17553,"Veco, North America, LLC",www.veco-na.com,1030;1038;1041;1143;1197;1210;1211;1212
17554,"Coastal Climate Control, Inc",www.coastalcoolaids.com,
17555,Cobham SATCOM,www.cobham.com/satcom,
17556,"Lippert Components , Inc.",www.lippertcomponents.com,1019;1055
17557,Fischer Panda Generators Inc.,www.fischerpanda.com,1024;1095
17558,"B & M Mfg. Co., Inc./ A Moore Co. Moeller Mfg.",www.themooreco.com,1028;1039;1130;1202;1203
17559,Cobra Electronics Corporation,www.cobra.com,1033;1034;1037;1162;1163;1164;1184;1194
17560,Survitec Group,www.survitecgroup.com,1037;1188;1189;1192;1193;1194;1195
17561,"Navimo USA, Inc.",www.navimousa.com,
17562,"Competition Composites, Inc.",www.fastcomposites.ca,
17563,Connect-A-Dock Inc.,www.connectadock.com,1018;1023;1031;1038;1047;1082;1083;1088;1091;1148;1149;1199
17564,Captain Harry's Fishing Supply,www.captharry.com,1027;1028;1123;1124;1125;1126;1127;1128;1129;1132;1133
17565,Mack Boring and Parts Company,www.mackboring.com,1025;1100;1106;1108;1111;1116
17566,Coyote Manufacturing Company,www.coyotemfgco.com,1022;1028;1031;1039;1040;1079;1130;1133;1150;1202;1205;1207;1209
17567,"C.P.S. Distributors, Inc.",www.cpsdistributorsinc.com,1026;1033;1118;1160
17568,"CRC Industries, Inc.",www.crcindustries.com,1020;1025;1029;1063;1113;1134
17569,Scott Bader North America,www.scottbader.com/na,1021;1068;1070
17570,Curd Buoys,www.curdbuoys.com,
17571,"Ram-Lin Custom Trailers, Inc.",www.ramlin.com,1040;1205;1209
17572,Commercial Sewing/Apex,www.commercialsewing.com,1022;1076;1078
17573,"Uniforce Technologies, Inc.",www.uniforcetech.com,1024;1026;1033;1095;1117;1161
17574,"NatureCraft Jewelry, LLC",www.naturecraftstore.com,1019;1056
17575,"S & S Propeller Co., Inc.",www.sspropeller.com,1025;1036;1102;1111;1179;1180;1181;1182
17576,SSI Custom Plastics (Sailing Specialties),www.ssicustomplastics.com,
17577,"Kauffman Engineering, Inc",www.kewire.com,1024;1026;1033;1095;1117;1161
17578,Davis Instruments Corp.,www.davisnet.com,1018;1019;1023;1024;1025;1027;1029;1031;1032;1033;1034;1037;1038;1040;1041;1042;1043;1047;1051;1053;1054;1083;1085;1086;1097;1101;1104;1106;1108;1113;1122;1124;1138;1144;1147;1149;1152;1156;1157;1158;1164;1168;1169;1171;1186;1188;1194;1195;1197;1199;1209;1211;1213
17579,Davit Master Corp.,www.davitmaster.com,1023;1031;1038;1080;1082;1084;1085;1086;1087;1149;1199
17580,D2 Marine Lighting,www.d2marinelighting.com,
17581,"DeAngelo Marine Exhaust, Inc.",www.deangelomarine.com,1025;1108;1110;1112
17582,DeLorme,www.delorme.com,
17583,"Den Hartog Industries, Inc.",www.denhartogindustries.com,1018;1023;1046;1047;1091
17584,Humminbird,www.humminbird.com,1024;1028;1033;1034;1097;1131;1132;1133;1159;1164;1166
17585,Diamond City Trailers Inc.,"http://web.natm.com/Trailer-Manufacturer/Diamond-City-Trailers,-Inc-1672",1040;1205;1208
17586,"Diamondback Towers, LLC",www.diamondbacktowers.com,1022;1031;1079;1145
17587,"Beede Electrical Instrument Co., Inc.",www.beede.com,1025;1026;1033;1034;1108;1117;1159;1161;1164
17588,Dometic Corp-Cruisair,www.dometic.com,1030;1035;1041;1142;1143;1175;1210;1211
17589,Dometic Corp. - Marine Air,www.dometic.com,1024;1030;1041;1095;1142;1143;1210;1211
17590,Orion Safety/Standard Fusee,www.orionsignals.com,1037;1186;1188;1189;1190;1194;1195;1196
17591,Perimeter Industries,www.perimeterindustries.com,1018;1023;1047;1086
17592,Better Way Products,www.dockbox.com,1023;1031;1039;1081;1144;1202;1203
17593,DockinaBox (tm),www.dockinabox.com,1023;1086;1091
17594,Barnegat Light Marine Products Div. Ziamatic,www.barnegatlt.com,1032;1152
17595,"Fireboy-Xintex, Inc.",www.fireboy-xintex.com,1037;1184;1187
17596,"Frigibar, LLC",www.frigibar.com,1023;1030;1041;1081;1142;1212
17597,"Mahogany Co. of Mays Landing, Inc.",www.mahoganycompany.com,1021;1070
17598,ITW Evercoat,www.evercoat.com,1021;1068;1070
17599,Dometic Corp-Sanitation,www.dometic.com,1035;1173;1175;1176;1177
17600,"Dowco, Inc.",www.dowcomarine.com,1022;1076;1078
17601,Cannon,www.cannondownriggers.com,1028;1033;1131;1159
17602,"Dr. Shrink, Inc.",www.dr-shrink.com,1023;1089
17603,DRIVEN Detailing Products,www.driventoperfection.com,
17604,"DTS Enterprises, Inc.",www.dts-marine.com,1022;1031;1039;1079;1146;1151;1202
17605,"DuraSafe, Inc.",www.durasafelocks.com,1027;1028;1033;1037;1040;1124;1131;1159;1184;1206;1209
17606,Eagle Trailers,www.eagletrailer.com,
17607,EFC International,www.efc-intl.com,
17608,"Lenco Marine, Inc.",www.lencomarine.com,1036;1180
17609,Minn Kota,www.minnkotamotors.com,1024;1027;1028;1034;1037;1097;1124;1131;1164;1166;1183
17610,"KVH Industries, Inc.",www.kvh.com,1033;1034;1156;1163;1164;1167;1170
17611,"EMP Industries, Inc.",www.bestmarinepumps.com,1023;1024;1029;1035;1037;1088;1090;1092;1099;1135;1172;1175;1176;1177;1187
17612,Sierra International,www.sierramarine.com,1025;1031;1035;1110;1111;1112;1147;1174
17613,Sherwood,www.sherwoodpumps.com,1025;1028;1035;1105;1108;1109;1129;1172;1175
17614,Faria Beede Instruments,www.fariabeede.com,1026;1029;1033;1034;1117;1136;1139;1156;1157;1159;1161;1168
17615,Continental (VDO Brand Instrumentation),www.continental-corporation.com,1024;1026;1033;1034;1096;1117;1156;1159;1164;1168;1169
17616,"Engineered Metals and Composites, Inc.",www.emctowers.com,1022;1031;1079;1150
17617,"ACR Electronics, Inc.",www.acrartex.com,1024;1032;1033;1034;1037;1096;1097;1152;1154;1163;1170;1186;1190;1194;1195
17618,West System Inc,www.westsystem.com,
17619,"Taco Metals, Inc.",www.tacometals.com,1021;1023;1031;1036;1039;1071;1086;1147;1149;1150;1151;1180;1202;1203
17620,Ezell Industries,www.ezellindustriesinc.com,
17621,"Taco Metals, Inc.",www.tacometals.com,1018;1021;1022;1027;1028;1031;1032;1034;1039;1047;1071;1079;1124;1132;1133;1147;1149;1150;1154;1170;1202;1203
17622,Fishmaster,www.fishmaster.com,1022;1028;1032;1039;1079;1133;1154;1202
17623,"Flexiteek Americas, Inc.",www.flexiteekusa.com,1021;1031;1069;1073;1149
17624,"International Dock Products, Inc.",www.dockproducts.com,1018;1023;1031;1047;1081;1083;1085;1086;1088;1144;1145;1147;1149
17625,"Flitz International, Ltd.",www.flitz.com,1020;1060;1062;1064;1066
17626,Flow-Rite Controls,www.flow-rite.com,1028;1129
17627,"Klotz Synthetic Lubricants, Inc.",www.klotzlube.com,1025;1113
17628,Trail-Rite Inc DBA Trail-Rite Boat Trailers,www.trailrite.com,
17629,"Rabud, Inc.",www.rabud.com,1023;1031;1083;1145;1147;1148;1151
17630,Fiber Pad Inc.,www.fiberpad.com,
17631,"Formex Manufacturing, Inc.",www.formex.com,1023;1091
17632,"Interphase Technologies, Inc.",www.interphase-tech.com,1024;1028;1033;1096;1097;1131;1158;1159
17633,Presta Products,www.prestaproducts.com,1020;1021;1063;1065;1068
17634,C-Map USA,www.c-map.com/,1024;1033;1034;1097;1158;1164;1171
17635,Citgo Petroleum Corporation,www.citgo.com,1025;1113
17636,Marine Development & Research,www.mdramazon.com,1020;1021;1029;1037;1041;1062;1064;1065;1073;1134;1191;1211
17637,Larand Products,www.larandproducts.com,
17638,Ameri-Kart Corp.,www.amerikart.com,1028;1029;1035;1039;1129;1137;1177;1202
17639,Weems & Plath,www.weems-plath.com,1019;1024;1032;1033;1034;1051;1097;1152;1156;1164;1167;1168;1169;1171
17640,Flagzup,www.flagzup.com,
17641,MEECO Sullivan,www.meecosullivan.com,1023;1083;1086;1091
17642,Elkhart Plastics Inc.,www.elkhartplastics.com,1028;1029;1035;1039;1129;1137;1177;1202
17643,Cequent Performance Products,www.cequentgroup.com,1040;1209
17644,Furrion,www.furrion.com,1023;1092
17645,Enovation Controls,www.enovationcontrols.com,1033;1157;1161
17646,"Kenyon International, Inc.",www.cookwithkenyon.com,1030;1141;1143
17647,Garhauer Marine,www.garhauermarine.com,
17648,Garmin USA,www.garmin.com,1024;1025;1026;1033;1034;1097;1104;1117;1118;1156;1158;1159;1160;1164;1166;1169
17649,"FloScan Instrument Co., Inc.",www.floscan.com,
17650,Kohler Company,www.kohlerpowersystems.com,1024;1025;1095;1098;1108;1109
17651,Gateway Materials,www.gateway-materials.com,1018;1031;1038;1040;1043;1047;1150;1199;1205;1207;1209
17652,SS Marine dba Gator Guards,www.gator-guards.com,1025;1105
17653,"Seachoice Marine Products, Inc.",www.seachoice.com,1018;1023;1024;1027;1028;1029;1031;1033;1034;1037;1038;1040;1042;1043;1048;1083;1095;1098;1124;1132;1135;1136;1144;1147;1148;1149;1161;1167;1170;1188;1190;1191;1199;1209;1213;1221
17654,Geonav,www.geonavmarine.com,1025;1026;1028;1033;1034;1104;1117;1131;1157;1158;1159;1164;1166
17655,Gibco Flex-Mold Inc.,www.gibcoflexmold.com,
17656,Glen Raven Custom Fabrics,www.sunbrella.com,1019;1022;1039;1055;1076;1200
17657,"Glendinning Products, Inc.",www.glendinningprods.com,1024;1025;1032;1035;1095;1098;1108;1152;1174;1175
17658,Handi-Man Marine,www.handimanmarine.com,
17659,"Livorsi Marine, Inc.",www.livorsi.com,1018;1024;1025;1026;1029;1033;1034;1036;1037;1048;1093;1098;1108;1109;1110;1117;1137;1156;1159;1161;1164;1166;1168;1170;1180;1184;1187
17660,H & L Marine,NA,
17661,Global Survival Systems LLC,www.theditchkit.com,
17662,Gold Eagle Co.,www.goldeagle.com,1025;1029;1107;1113;1134;1135;1138
17663,GOST - Global Ocean Security Technologies,www.gostglobal.com,1026;1034;1037;1119;1170;1184;1186;1190;1195
17664,Gurit (USA) Inc.,www.gurit.com,1021;1072
17665,"Hammonds Fuel Additives, Inc./ Biobor",www.biobor.com,1025;1029;1107;1134
17666,Dutton-Lainson Company,www.dutton-lainson.com,1018;1031;1038;1040;1043;1145;1147;1199;1209
17667,"Falcon Safety Products, Inc.",www.falconsafety.com,1018;1037;1048;1190
17668,Harbor Custom Canvas,www.harborcustomcanvas.com,
17669,Hardin Marine,www.hardin-marine.com,1024;1025;1026;1029;1035;1036;1098;1105;1106;1108;1109;1110;1112;1115;1117;1135;1136;1174;1175;1180
17670,Buck Algonquin,www.buckalgonquin.com,1025;1110;1111
17671,"Perko, Inc.",www.perko.com,1019;1023;1024;1027;1031;1032;1037;1054;1083;1095;1124;1147;1152;1154;1190
17672,"T-H Marine Supplies, Inc.",www.thmarine.com,1023;1024;1025;1027;1028;1029;1031;1032;1036;1040;1083;1093;1098;1108;1124;1129;1133;1136;1137;1145;1147;1151;1152;1180;1182;1209
17673,"Bomar, Div. Pompanette, LLC",www.pompanette.com,1023;1027;1028;1031;1038;1039;1081;1124;1133;1146;1151;1197;1203
17674,Hayn Enterprises,www.hayn.com,1031;1038;1147;1148;1197
17675,"Johnson Pump, SPXFLOW, Inc.",www.johnson-pump.com,1025;1035;1108;1172;1175;1176
17676,"Pompanette, LLC",www.pompanette.com,1023;1027;1028;1030;1031;1038;1039;1081;1124;1127;1128;1130;1132;1133;1142;1151;1197;1202;1203
17677,"Polyform U.S., Ltd.",www.polyformus.com,1018;1042;1046;1047;1221
17678,Halkey-Roberts Corp.,www.halkeyroberts.com,
17679,"Innovative Product Solutions, LLC",www.gotoips.com,
17680,Heritage Custom Trailers,www.heritagetrailers.com,1040;1205
17681,"Hernon Manufacturing, Inc.",www.hernon.com,
17682,"Latham Marine, Inc.",www.lathammarine.com,
17683,Federal Propellers Co.,www.miwheel.com,1036;1181
17684,Hill Marine Products,www.hillmarine.com,
17685,Hoist Liftruck,www.hoistlift.com,1023;1087
17686,"Hubbell, Inc. (Delaware) Wiring Device-Kellems",www.hubbell-marine.com,1023;1024;1026;1032;1092;1095;1121;1152
17687,"Hurley Marine, Inc.",www.hurleymarine.com,1023;1032;1080;1085;1152
17688,"Turning Point Propellers, Inc.",www.turningpointpropellers.com,1036;1181
17689,Velvet Drive Transmissions,www.velvetdrive.com,1025;1105;1116
17690,"HOSTAR Marine Transport Systems, Inc.",www.hostarmarine.com,1023;1040;1082;1084;1090;1204;1205;1206;1209
17691,Sport Marine Technologies,www.sesport.com,
17692,"Hytech - Marol, LLC",www.marolmarine.com,1036;1179
17693,Safety Components,www.safetycomponents.com,1019;1022;1039;1055;1076;1077;1078;1200
17694,"Ideal Teak, Inc.",www.idealteak.com,
17695,"IMAR Products, LLC",www.imarsales.com,1020;1062;1063;1064
17696,IMTRA Corporation,www.imtra.com,1029;1031;1032;1033;1034;1039;1138;1144;1152;1155;1168;1170;1202
17697,Bellingham Marine,www.bellingham-marine.com,1023;1081;1083;1086;1091
17698,Infineum USA,www.infineum.com,1025;1113
17699,"Infinity Woven Products, LLC",www.infinitylwv.com,1020;1039;1061;1200
17700,"ITC, Inc.",www.itc-marine.com,1030;1031;1032;1035;1143;1144;1146;1147;1152;1154;1172
17701,Viking Life-Saving Equipment (America),www.viking-life.com,1023;1037;1042;1085;1186;1187;1188;1189;1190;1192;1193;1194;1195;1216
17702,"Innovative Laminations Company, Inc.",www.innovativelaminations.com,1021;1067
17703,"Innovative Lighting, Inc.",www.innovativelight.com,1032;1152;1154
17704,Insul-Bead Corporation,www.insulbead.com,
17705,Intellian Technolgies USA,www.intelliantech.com,1024;1026;1033;1034;1097;1099;1121;1163;1170
17706,Taylor Made Technologies,www.taylormade.com,1032;1152
17707,Interlux Yacht Finishes & Awlgrip North America,www.yachtpaint.com,1020;1021;1062;1063;1065;1068;1072;1073
17708,Polar Bay Industries LLC,www.polarbayindustries.com,1041;1210;1212
17709,"Brownell Trailers, LLC",www.brownelltrailers.com,1023;1040;1082;1084;1085;1087;1090;1206;1209
17710,IPS Corporation - SCIGRIP,www.scigrip.com,1021;1025;1068;1101
17711,ITW Industrial Finishing,www.binks.com,
17712,"ITW Polymers Adhesives, North America",www.itwadhesives.com,1021;1068
17713,"J.Q. Tex, Inc.",www.trailmastertrailers.com,1040;1205;1209
17714,C-Map USA,www.lightmarine.c-map.com,1024;1033;1034;1097;1158;1164;1171
17715,Mercury Marine,www.mercurymarine.com,1029;1135
17716,"Dock Edge +, Inc.",www.dockedge.com,1018;1023;1031;1033;1047;1086;1091;1149;1155
17717,Kristal Fishing,www.erramarine.com,1027;1028;1124;1125;1127;1128;1132
17718,"Furuno U.S.A., Inc.",www.furunousa.com,
17719,"EZ Loader Adjustable Boat Trailers, Inc.",www.ezloader.com,1040;1205;1208;1209
17720,Jet Technologies,www.jettechinc.com,1021;1031;1067;1151
17721,"JIF Marine, LLC",www.jifmarine.com,1018;1023;1031;1036;1039;1042;1047;1083;1149;1179;1202;1213
17722,"HiTide Manufacturing, LLC",www.gotohmg.com,1031;1146;1151
17723,"JL Audio, Inc.",www.jlaudio.com,1026;1033;1118;1160
17724,"Johnson Outdoors Marine Electronics, Inc.",www.johnsonoutdoors.com,1025;1026;1028;1033;1034;1036;1042;1104;1117;1131;1132;1133;1157;1158;1159;1164;1166;1180;1215
17725,Duramax Marine,www.duramax-marine.com,
17726,Aydin Marine,www.aydindisplays.com,1024;1025;1026;1033;1096;1098;1104;1117;1157;1158;1161
17727,Key West Sandal Factory,www.keywestsandalfactory.com,1019;1053
17728,Stillwater Designs and Audio Inc. DBA KICKER,www.kicker.com,1026;1033;1118;1160
17729,King Plastic Corporation,www.kingplastic.com,1021;1067
17730,"King Trailers, Inc.",www.kingtrailers.com,1040;1205;1208;1209
17731,"Kobelt Manufacturing Co., Ltd.",www.kobelt.com,
17732,Kropf Industrial Inc.,www.kropfindustrial.com,1023;1040;1081;1082;1084;1086;1206
17733,Kuuma Products Corporation,www.kuumaproducts.com,1030;1141
17734,Label Solutions Inc.,www.easylabeling.com,
17735,Garelick Manufacturing Co.,www.garelick.com,1019;1028;1031;1039;1040;1042;1055;1130;1144;1145;1149;1202;1203;1204;1213
17736,"Barbour Plastics, Inc./Integrity Marine Corp.",www.barbourplastics.com,1018;1021;1031;1039;1047;1071;1148;1201
17737,"Naiad Dynamics US, Inc.",www.naiad.com,1029;1036;1138;1178;1180
17738,Leaf Marine Distribution,www.leafmarine.com,
17739,LilliPad Marine,www.LilliPadMarine.com,1029;1031;1139;1144;1149
17740,Parker Hannifin Corporation Racor Division,www.parker.com/racor,1024;1025;1029;1035;1098;1108;1109;1134;1135;1136;1139;1173;1175
17741,Brownie's Third Lung Trebor Industries,www.yachtdiver.com,1019;1025;1026;1027;1037;1042;1059;1103;1119;1122;1124;1194;1195;1214;1215;1217;1222
17742,Linear Devices Corporation T/A Lectrotab,www.lectrotab.com,1036;1180
17743,"Lee Fisher International, Inc.",www.leefisherintl.com,
17744,"LEM Products, Inc.",www.lemproductsinc.com,1037;1191
17745,"Lewmar, Inc.",www.lewmar.com,1031;1038;1146;1151;1199
17746,"Lewmar, Inc.",www.lewmar.com,1018;1024;1025;1031;1033;1038;1042;1043;1044;1098;1106;1145;1146;1151;1155;1197;1199;1216
17747,"Cal-June, Inc.",www.jimbuoy.com,1018;1037;1046;1047;1192;1193;1195
17748,LITECO,www.litecousa.com,
17749,Llebroc Industries,www.llebroc.com,1028;1039;1130;1200;1203
17750,Clearwater Industries,www.megahitchlock.com,
17751,"Brass Works, Inc., The",www.thebrassworksinc.com,1031;1146
17752,"Tie Down Engineering, Inc.",www.tiedown.com,1018;1023;1040;1043;1083;1209
17753,Lubrimatic Products - Plews Inc.,www.plews-edelmann.com,
17754,Shell Lubricants,www.pennzoil.com,
17755,Parker Merrick Co./ AWAB LLC,www.awabllc.com,
17756,JDCI Enterprises,www.boat-trailers.com,1040;1205;1209
17757,DETMAR Corporation,www.detmarcorp.com,1031;1035;1036;1149;1172;1179
17758,"St. Croix Marine Products, Inc.",www.davit.com,1023;1080
17759,"Lubrication Technologies, Inc. - Lube-Tech",www.lube-tech.com,1025;1029;1113;1135
17760,"Lumitec, LLC",www.lumiteclighting.com,1032;1152
17761,Luther's Welding and Fabricating,www.lutherswelding.com,
17762,"Magellan Industrial Group, Inc.",www.magellanig.com,
17763,Mallory Marine Products (a Mr. Gasket Performance Group Co.),www.mallorymarine.com,1025;1029;1105;1106;1109;1110;1111;1112;1113;1114;1115;1134;1135;1136;1137
17764,"Raritan Engineering Co., Inc.",www.raritaneng.com,1026;1030;1035;1036;1037;1117;1143;1174;1175;1176;1177;1179;1184
17765,"Raritan Engineering Co., Inc.",www.raritaneng.com,1035;1175;1176
17766,Handcraft Mattress,www.boatbeds.com,1019;1050;1055
17767,EZ Loader Custom Boat Trailers Inc.,www.ezloadercustoms.com,1040;1205
17768,Schmitt & Ongaro Marine Products,www.schmittongaromarine.com,1024;1031;1036;1037;1098;1144;1146;1148;1179;1190
17769,Yamaha Motor Corporation USA,www.yamahamotor.com,1024;1025;1098;1109
17770,"Yamaha Motor Corporation, U.S.A.",www.yamaha-motor.com,1025;1105;1108
17771,"S.M. Arnold, Inc.",www.smarnoldinc.com,1020;1066
17772,DRSA,www.drsa.com,1032;1037;1152;1154;1191
17773,"Unaflex Industrial Products, Inc.",www.marinehose.net,1035;1174
17774,Lasdrop,www.lasdrop.com,1025;1029;1105;1106;1108;1111;1113;1138
17775,Fortress Marine Anchors,www.fortressanchors.com,1018;1043
17776,Phillips 66 Spectrum Corp.,www.spectrumcorporation.com,1025;1029;1113;1134
17777,"EZ Dock, Inc.",www.ez-dock.com,1018;1023;1047;1081;1082;1083;1086;1088;1091;1092
17778,"Marine Systems, Inc.",www.airmsi.com,
17779,HLT Limited,www.yachtclubtrailers.com,1040;1205
17780,"Nauticus, Inc.",www.nauticusinc.com,1036;1180
17781,"Marinetech Products, Inc.",www.marinetechproducts.com,1023;1031;1036;1083;1145;1182
17782,"Kelcom, Inc.",www.kelcom-tapes.com,1021;1025;1067;1100
17783,"Eastern Metal Supply, Inc.",www.easternmetal.com,1031;1150
17784,ITW Nexus Global,www.itwnexus.com,
17785,Express Cat,www.sidewindmarine.com,1018;1023;1046;1047;1091
17786,"Beachcomber Fiberglass Technology, Inc.",www.beachfiber.com,
17787,"Eaton Corp. - Marina Power & Lighting, Inc.",www.marinapower.com,1023;1026;1032;1088;1121;1152
17788,DBC Marine Safety Systems,www.dbcmarine.com,1037;1186;1187;1188;1192;1193;1194;1195
17789,Simrad-Navico,www.simrad-yachting.com,1024;1025;1026;1028;1033;1034;1037;1038;1096;1097;1104;1108;1117;1131;1155;1156;1157;1158;1159;1161;1162;1164;1166;1168;1169;1170;1186;1198
17790,Bocatech Switches,www.bocatechswitches.com,1024;1026;1033;1095;1117;1161
17791,Michigan Wheel,www.miwheel.com,1036;1181
17792,WBJ Inc. dba Boatswain's Locker,www.boatswains-locker.com,
17793,Great Lakes Boat Top Company,www.greatlakesboattop.com,1022;1076;1078
17794,"Bear Trailer Manufacturing, Inc.",www.beartrailer.com,1040;1205;1209
17795,"Paneltronics, Inc.",www.paneltronics.com,1024;1026;1033;1095;1117;1161
17796,Hypower,www.powerpedestal.com,1023;1026;1088;1092;1121
17797,General Propeller Company Inc.,www.gpcprop.com,
17798,Marlin Products Div. Pompanette LLC,www.pompanette.com,1019;1027;1028;1031;1039;1055;1124;1130;1133;1151;1202
17799,Hood Yacht Systems Division of Pompanette,www.pompanette.com,1031;1151
17800,"Rescue Tape/Harbor Products, Inc.",www.rescuetape.com,1021;1025;1031;1037;1038;1068;1101;1107;1147;1194;1197
17801,Flexdel Corp.,www.aquagardboatpaint.com,1020;1025;1065;1101;1107
17802,"Tennessee Trailers, Inc.",www.tntrailers.us,
17803,Precision Propeller Industries. Inc.,www.precisionpropeller.com,1036;1181
17804,"Gill North America, Ltd.",www.gillna.com,1019;1027;1037;1038;1039;1042;1052;1053;1054;1058;1122;1193;1197;1203;1213;1222
17805,Comptech Marine,www.skyski.com,
17806,"Horizons America, Inc.",www.horizonsltd.com,1018;1019;1030;1039;1047;1048;1052;1059;1142;1203
17807,Xtreme Marine Corporation,www.xtremetowers.com,1025;1104
17808,American Muscle Docks & Fabrication,www.amdocks.com,1018;1021;1023;1031;1046;1047;1069;1071;1082;1083;1085;1086;1087;1091;1144;1147;1148;1149
17809,"Survival Products, Inc.",www.survivalproductsinc.com,
17810,"ObeCo, Inc.",www.obecoinc.com,1019;1052
17811,"East Penn Mfg. Co., Inc.",www.eastpenn-deka.com,1024;1093
17812,Blue Sea Systems,www.bluesea.com,1024;1026;1032;1033;1093;1095;1117;1152;1161
17813,"CMC Marine, Inc.",www.cook-mfg.com,1022;1025;1036;1042;1079;1108;1182;1221
17814,Marinco,www.marinco.com,1019;1021;1023;1024;1025;1026;1027;1028;1029;1030;1031;1032;1037;1039;1055;1071;1088;1093;1095;1099;1108;1117;1121;1124;1133;1137;1143;1144;1149;1152;1154;1183;1184;1190;1203
17815,Swobbit Products,www.swobbit.com,1020;1060;1066
17816,Scepter Canada Inc.,www.scepter.ca,1029;1137
17817,Naylor Systems,www.naylorsystems.com,1023;1082;1091
17818,Canada Metal (Pacific) Ltd.,www.canmet.com,1025;1034;1102;1166
17819,"Xylem, Inc",www.marine.xylem.com,1025;1026;1027;1028;1031;1032;1033;1035;1038;1108;1109;1117;1124;1129;1145;1152;1156;1172;1174;1175;1176;1177;1199
17820,Maretron LLP,www.maretron.com,1024;1026;1033;1034;1097;1117;1156;1157;1158;1161;1164;1169
17821,Attwood Corporation,www.attwoodmarine.com,1022;1031;1039;1076;1147;1202
17822,Balmar,www.balmar.net,1024;1025;1035;1093;1095;1105;1108;1115;1173
17823,Pettit Marine Paint,www.pettitpaint.com,1020;1021;1065;1068;1073
17824,Wesmar (Western Marine Electronics),www.wesmar.com,1024;1028;1029;1033;1036;1038;1096;1131;1138;1155;1159;1181;1199
17825,Marine Accessories Corp.,www.marine-accessories.com,1022;1027;1028;1078;1079;1124;1133
17826,"ICOM America, Inc.",www.icomamerica.com,1033;1034;1037;1157;1159;1163;1164;1195
17827,"Raymarine, Inc.",www.raymarine.com,1025;1028;1033;1034;1104;1131;1157;1159;1164;1165;1166;1169
17828,Teleflex Marine,www.seastarsolutions.com,
17829,"GLM Products, Inc.",www.glmmarine.com,1025;1105;1114
17830,Sierra Incorporated Division of Teleflex,www.sierramarine.com,
17831,Barr Marine by EDM,www.barrmarine.net,1025;1110;1112
17832,Marine Products International,www.marinehose.com,1025;1029;1035;1040;1110;1137;1174;1176;1177;1209
17833,Mase Generators of North America LLC,www.masenorthamerica.com,1024;1095
17834,Kohler Company Generator Division,www.kohlerpower.com,1024;1095
17835,"Whitecap Industries, Inc.",www.whitecapindustries.net,1023;1034;1038;1083;1170;1199
17836,Sea-Dog Line Div. Sea-Dog Corp.,www.sea-dog.com,1018;1031;1033;1043;1145;1147;1161
17837,"Schaefer Marine, Inc.",www.schaefermarine.com,
17838,"Trident Rubber, Inc.",www.tridentmarine.com,1025;1029;1035;1037;1110;1136;1174;1177;1184
17839,"Magma Products, Inc.",www.magmaproducts.com,1027;1029;1030;1124;1138;1141;1143
17840,"Golight, Inc.",www.golight.com,1032;1152;1154
17841,Marine Master Trailers,www.marinemastertrailers.com,
17842,"Marine Mat, Inc.",www.marinemat.net,1020;1021;1061;1069
17843,"Total Plastics, Inc.",www.totalplastics.com,1021;1025;1068;1101
17844,"Wiseco Piston, Inc.",www.wiseco.com,
17845,Thetford-Norcold Corp.,www.thetford.com,1035;1041;1175;1176;1177;1212
17846,Off the Deep End Div. of Ross Marine Ideas,www.rossmarineideas.com,
17847,"Galleyware Company, Inc.",www.galleyware.com,
17848,ITW Polymer Technologies,www.marinetex.com,
17849,"Twin Disc, Inc.",www.twindisc.com,1022;1024;1025;1029;1036;1079;1098;1108;1116;1138;1179;1181
17850,"Marine Travelift, Inc.",www.marinetravelift.com,1023;1040;1082;1085;1087;1090;1204;1206;1209
17851,Standard Horizon,www.standardhorizon.com,1024;1026;1028;1033;1034;1097;1117;1131;1159;1160;1162;1163;1164;1169
17852,Maritime Wood Products Corp.,www.maritimewoodproducts.com,
17853,Forespar Products Corp.,www.forespar.com,1022;1023;1025;1031;1032;1034;1035;1036;1037;1038;1075;1080;1083;1085;1087;1107;1113;1145;1146;1150;1154;1170;1177;1179;1184;1186;1195;1196;1197;1198;1199
17854,Marinco Mastervolt,www.mastervolt.com,1024;1025;1026;1029;1033;1037;1093;1095;1110;1115;1117;1135;1161;1183
17855,Mastry Engine Center LLC,www.mastry.com,1024;1025;1095;1108;1109;1110;1116
17856,"Dwyer Aluminum Mast Co., Inc.",www.dwyermast.com,
17857,"Mate USA, LLC",www.mate-usa.com,1018;1021;1022;1035;1037;1039;1047;1071;1076;1172;1175;1190;1200
17858,Soundown Corp.,www.soundown.com,1025;1100;1108;1110
17859,Mayfair Marine Div. Johnson Pumps of America,www.johnson-pump.com,1035;1172;1175
17860,SeaStar Solutions,www.seastarsolutions.com,1024;1025;1026;1029;1032;1033;1034;1035;1036;1095;1097;1098;1105;1106;1108;1109;1111;1112;1113;1114;1115;1117;1135;1136;1137;1138;1152;1161;1164;1174;1179
17861,Medallion Instrumentation,www.medallionis.com,1033;1161
17862,Metal Moulding Corporation,www.metalmoulding.com,1018;1028;1047;1129;1133
17863,Edson International,www.edsonmarine.com,1023;1024;1031;1034;1035;1085;1092;1098;1099;1144;1145;1166;1172;1176
17864,MITO Corporation,www.mitocorp.com,1033;1034;1157;1160;1164
17865,United Marine Marketing Group,www.gulfstreamdocks.com,1018;1021;1023;1025;1047;1071;1080;1082;1083;1085;1086;1091;1107
17866,"Jet Dock Systems, Inc.",www.jetdock.com,1018;1023;1031;1038;1047;1082;1083;1085;1086;1087;1091;1144;1199
17867,Murray Corporation,www.murraycorp.com,
17868,"Cottonseed Casual Wear, Inc.",www.cottonseedusa.com,
17869,The Moore Company,www.themooreco.com,1028;1029;1039;1129;1137;1139;1202
17870,Mojo Sportswear Company,www.mojo-gear.com,
17871,Monarch Moor Whips,www.monarchproducts.com,1018;1023;1037;1047;1083;1085;1086;1088;1092;1184;1196
17872,Hurricane Boat Lifts,www.hurricaneboatlifts.com,1023;1031;1082;1084;1085;1086;1088;1092;1144;1147
17873,Hella Marine,www.hellamarine.com,1024;1032;1041;1042;1095;1152;1154;1210;1214
17874,Glamox Aqua Signal Corporation,www.aquasignal.net,1024;1032;1037;1095;1152;1190
17875,"Navionics, Inc.",www.navionics.com,1024;1027;1033;1034;1097;1124;1157;1158;1163;1164;1171
17876,"New England Ropes, Inc.",www.neropes.com,1018;1038;1048;1197
17877,Califree LLC dba NextGenMarine,www.nextgenmarine.com,
17878,"Nobeltec, Inc.",www.nobeltec.com,1024;1025;1033;1034;1097;1104;1158;1159;1164;1171
17879,NorCross Marine Products,www.norcrossmarine.com,1024;1028;1030;1033;1034;1096;1131;1142;1159;1164
17880,Novatec Braids Ltd.,www.novabraid.com,1018;1048
17881,Ocean LED USA LLC,www.oceanled.com,
17882,INDEL Webasto Marine USA,www.indelwebastomarineusa.com,1030;1035;1037;1041;1142;1143;1175;1177;1195;1212
17883,Mercury QuickSilver Parts & Accessories Division,www.mercurymarine.com,1024;1025;1036;1098;1105;1108;1109;1111;1114;1115;1116;1179;1181
17884,Omni Specialty Packaging,www.osp.cc,1025;1113
17885,Ultra Marine Products,Coming Soon,
17886,"Ronstan International, Inc.",www.ronstan.com,1018;1019;1031;1038;1042;1048;1053;1054;1148;1197;1222
17887,Optronics International,www.optronicsinc.com,
17888,West Marine Pro,www.westmarinepro.com,1037;1193;1195
17889,"Interactive Technologies, Inc.",www.ideasthatfloat.com,1026;1033;1117;1160
17890,HydroHoist Marine Group,www.boatlift.com,1023;1082;1084;1087
17891,Nida-Core Corp.,www.nida-core.com,1021;1025;1070;1100
17892,Armstrong Nautical Products,www.armstrongnautical.com,1031;1037;1144;1145;1149;1195
17893,"RSM International, Inc.",www.bobsmachine.com,1025;1029;1033;1036;1105;1108;1109;1110;1114;1134;1138;1161;1178;1180;1182
17894,Pacer Marine,www.pacergroup.net,1024;1032;1033;1095;1152;1161
17895,"Pacific Rim International, LLC",Coming Soon,
17896,"Pacific Watercraft Group, Inc.",www.solowatersports.com,1042;1220;1221
17897,"Redtree Industries, LLC",www.redtreeind.com,1020;1060
17898,Yacht Club and Eagle Trailers,www.yachtclubtrailers.com,1040;1205;1208;1209
17899,Weego,www.myweego.com,
17900,"Parker Hannifin Corporation, Filtration Group",www.parker.com,
17901,Parker Hannifin Corp. Oildyne Division,www.parker.com,
17902,"Patrick Industries, Inc. DBA QAV",www.patrickind.com,
17903,Pacific Coast Marine Windshields,www.pcmw.ca,
17904,Lubrizol Corporation,www.lubrizol.com,1029;1134
17905,"Chevron Oronite Co., LLC",www.oronite.com,1025;1113
17906,Stearns Inc.,www.stearnsflotation.com,1019;1037;1042;1054;1193;1195;1218;1222
17907,"Kawasaki Motors Corp., U.S.A.",www.kawasaki.com,1019;1053;1054;1059
17908,"Ross Distributing Co, Inc. Ross Marine Ideas",www.rossmarineideas.com,
17909,Performance Boat Candy,www.performanceboatcandy.com,
17910,"Plasteak, Inc.",www.plasteak.com,1021;1031;1069;1073;1149
17911,"Quality Models International, Inc.",www.qmigroup.com,1033;1161
17912,"Inca Molded Products, Inc.",www.seastarsolutions.com,
17913,Gross Mechanical Laboratories GROCO,www.groco.net,1035;1172;1174;1175
17914,"Poli Glow Products, Inc.",www.poliglowproducts.com,
17915,"Todd Enterprises, Inc.",www.toddusa.com,1022;1023;1027;1028;1029;1031;1039;1076;1081;1124;1129;1130;1137;1144;1202
17916,"Stoltz Industries, Inc.",www.stoltzrollers.com,
17917,"Accon Marine, LLC",www.acconmarine.com,1018;1023;1032;1043;1083;1086;1154
17918,"Poseidon Window Treatments, LLC",www.fl-yachtblinds.com,1019;1031;1039;1050;1055;1151;1200
17919,"Teakdecking Systems, Inc.",www.teakdecking.com,1021;1031;1073;1149
17920,"Carling Technologies, Inc.",www.carlingtech.com,1024;1033;1095;1161
17921,PrestoMarine of Sweden Inc.,www.prestomarine.com,
17922,"Pretech Co., Inc.",www.pretechco.com,1024;1025;1036;1098;1108;1112;1179
17923,Maptech,www.richardsonscharts.com,1019;1034;1051;1171
17924,"Magic Tilt Trailers, Inc.",www.magictilt.com,1040;1205;1208;1209
17925,Marine Shield,www.marineshieldproducts.com,1020;1062
17926,Rigid Industries LED Lighting,www.rigidindustries.com,
17927,E.S. Ritchie & Sons,www.ritchienavigation.com,1026;1033;1034;1117;1157;1158;1159;1162;1163;1164;1166;1167
17928,Yamaha Marine Systems Company (YMSC) DBA Kracor,www.kracor.com,1023;1029;1039;1081;1137;1202
17929,Prospec Electronics,www.prospecelectronics.com,1026;1033;1118;1160;1161
17930,Protomet Corporation,www.protomet.com,1022;1031;1039;1079;1145;1147;1149;1202
17931,Performance Metals,www.performancemetals.com,1024;1026;1095;1117
17932,ACUVA Technologies,www.purustechno.com,1035;1173
17933,"Fendergrip (New World Marine, Inc.)",www.fendergrip.com,1018;1023;1031;1047;1048;1086;1147
17934,JKW Holdings LLC dba PW Brands OEM,www.pwbrandsoem.com,1018;1022;1028;1031;1039;1043;1044;1077;1078;1079;1132;1133;1147;1148;1150;1202
17935,"PYI, Inc.",www.pyiinc.com,1020;1021;1025;1029;1034;1036;1062;1069;1111;1138;1166;1179;1181
17936,"Quality Marine Products, LLC",www.qualitymarineproducts.com,
17937,Quick S.P.A.,www.quickitaly.com,1032;1033;1035;1037;1152;1154;1155;1172;1183
17938,"Quick USA, Inc.",www.quickusa.com,1024;1033;1035;1037;1095;1155;1172;1183
17939,Boyut Makina,www.ultramarine.com.tr,
17940,R & J Machine,www.rjmachine.ca,
17941,Atlantic Towers - St. Croix Marine Products,www.atlantictowers.com,1022;1027;1028;1031;1039;1042;1079;1124;1133;1150;1202;1221
17942,"Fishing Holdings, LLC",www.rangerboats.com,1040;1205
17943,RAVE Sports,www.ravesports.com,1031;1037;1042;1149;1193;1218;1221
17944,"Ravens Marine, Inc.",www.ravensmarine.com,
17945,Sunstream Boat Lifts,www.sunstreamcorp.com,1018;1023;1031;1040;1042;1047;1080;1082;1083;1085;1086;1087;1144;1149;1204;1209;1221
17946,"Watermakers, Inc.",www.watermakers.com,1035;1173;1175
17947,"Reverso Pumps, Inc.",www.reversopumps.com,1025;1029;1109;1136;1139
17948,Sea Recovery Corporation,www.searecovery.com,1027;1035;1037;1124;1173;1175;1195
17949,"Research & Design Innovations, LLC",www.rdillc.com,1022;1023;1028;1031;1032;1079;1083;1133;1147;1148;1152
17950,Quality Mark,www.rope-a-boat.com,1040;1209
17951,Saint-Gobain Performance Plastics,www.processsystems.saint-gobain.com,
17952,Scan Marine Equipment,www.scanmarineusa.com,
17953,Sea Tech & Fun USA LLC,www.spadeanchorusa.com,1018;1023;1043;1086
17954,Sea Technology,www.seatechpower.com,1023;1088
17955,Horizon Reverse Osmosis / Village Marine Tech.,www.hrosystems.com,1027;1035;1037;1124;1173;1175;1177;1195
17956,SeaDek Marine Products,www.seadek.com,1020;1061
17957,"Seafarer International, LLC",www.seafarerintl.com,
17958,Seakeeper Inc.,www.seakeeper.com,1029;1036;1138;1182
17959,BoatLife Div. Life Industries,www.boatlife.com,1020;1021;1025;1062;1065;1068;1073;1101
17960,SeaMaster Marine Products International,www.seamasterlights.com,
17961,SeaSucker,www.seasucker.com,1018;1027;1028;1030;1031;1042;1048;1124;1133;1142;1145;1147;1215
17962,"Tracy International, Inc.",www.tracy-intl.com,1024;1027;1028;1029;1030;1031;1035;1039;1093;1124;1129;1130;1137;1139;1142;1144;1149;1177;1202;1203
17963,"STIDD Systems, Inc.",www.stidd.com,1039;1202
17964,"C. Sherman Johnson Co., Inc.",www.csjohnson.com,1018;1023;1031;1034;1037;1038;1042;1043;1083;1144;1147;1148;1170;1194;1197;1216
17965,Select Plastics LLC,www.selectplastics.com,
17966,Separ of the America's LLC Subsiderary of Reverso Pumps Inc.,www.separfilter.com,
17967,Surrette Battery Company Limited,www.surrette.com,
17968,Wesco Trailers,www.wescotrailers.net,1040;1205;1208;1209
17969,Shadow-Caster LED Lighting,www.shadow-caster.com,1032;1152
17970,Shakespeare Electronic Products,www.shakespeare-marine.com,1034;1170
17971,"Sharpline Converting, Inc.",www.sharpline.com,
17972,"Shaw Industries Group, Inc.",www.shawfloors.com,
17973,Shields Marine Hose,www.shieldshose.com,1035;1172;1176
17974,South Bend,www.shoreline-marine.net,1018;1019;1023;1029;1031;1032;1033;1035;1036;1037;1038;1040;1042;1043;1047;1048;1052;1083;1135;1136;1147;1149;1152;1154;1156;1172;1177;1178;1190;1195;1196;1199;1209;1213
17975,"ShoreMaster, LLC",www.shoremaster.com,
17976,"NSME, Inc. DBA Si-Tex Marine Electronics",www.si-tex.com,1025;1033;1034;1104;1156;1159;1162;1164;1166
17977,Sika Corporation,www.sikaindustry.com,1021;1025;1068;1100;1101
17978,Tumacs Covers,www.tumacscovers.com,1022;1076;1078
17979,Vitrifrigo America LLC,www.vfamerica.com,1030;1041;1142;1143;1210;1212
17980,"Suncor Stainless, Inc.",www.suncorstainless.com,
17981,Siren Marine,www.sirenmarine.com,1026;1033;1037;1117;1158;1163;1184;1190
17982,Skylon,www.skylonsports.com,1026;1032;1118;1152
17983,"SmartPlug Systems, LLC",www.smartplug.com,1023;1024;1026;1088;1092;1095;1121
17984,"Soft Science, Inc.",www.softscience.com,
17985,Lowrance - Navico,www.navico.com,1024;1026;1027;1028;1033;1034;1096;1097;1117;1124;1131;1156;1157;1158;1159;1161;1164;1166;1168;1169;1170;1171
17986,SkyMate Inc.,www.skymate.com,1028;1033;1034;1037;1131;1157;1158;1164;1169;1170;1184
17987,"SlideMoor, LLC",www.slidemoor.com,1018;1023;1047;1086;1091
17988,"Best Fabrications, Inc.",www.bestfab.com,1022;1031;1079;1150
17989,"Gem Products, Inc.",www.gemlux.com,1023;1028;1031;1083;1133;1145
17990,Structural Composites / Compsys,www.structuralcomposites.com,1021;1070
17991,Technicold by Northern Lights,www.richbeersmarine.com,1024;1030;1041;1095;1143;1210;1211;1212
17992,"Creative Seatings, Inc.",www.themooreco.com,1019;1022;1039;1055;1076;1200;1202;1203
17993,"Custom Stainless Steel, Inc.",www.customstainlesssteel.com,
17994,Sperry Top-Sider,www.sperrytopsider.com,
17995,Spinlock USA,www.spinlockusa.com,1037;1038;1195;1197;1199
17996,"Rupp Marine, Inc.",www.ruppmarine.com,1027;1028;1034;1124;1132;1133;1170
17997,Spradling International Marine,www.spradlingvinyl.com,1039;1201
17998,Springfield Marine Company,www.springfieldgrp.com,1019;1023;1028;1030;1031;1039;1040;1055;1083;1130;1141;1144;1145;1149;1202;1209
17999,"Spurs Marine Manufacturing, Inc.",www.spursmarine.com,1025;1036;1111;1181
18000,Sta-Lok Terminals Inc.,www.stalokinc.com,1038;1197
18001,Powertech Marine Propellers,www.ptprop.com,1036;1181
18002,"King Marine, Inc.",www.kingmarine.com,1031;1150
18003,"Marine Fasteners, Inc.",www.marfas.com,1031;1147
18004,Custom Marine Inc.,www.custommarine.com,1025;1031;1105;1108;1109;1110;1112;1150
18005,G.G. Schmitt & Sons,www.ggschmitt.com,1022;1031;1039;1079;1148;1149;1202
18006,Schmitt Marine Steering Wheels,www.schmittongaromarine.com,1036;1179
18007,"Sterndrive Engineering, Inc.",www.sterndrive.cc,1025;1105
18008,"StormFender, LLC",www.stormfender.com,
18009,Fusion Entertainment,www.fusionentertainment.com,
18010,"Tides Marine, Inc.",www.tidesmarine.com,1025;1036;1038;1101;1106;1108;1110;1111;1179;1197;1198
18011,Sudbury Boat Care Products,www.sudburyboatcare.com,1020;1021;1062;1068
18012,Sunshine Marine Tanks,www.sunshinemarinetanks.com,1029;1137
18013,"Datrex, Inc.",www.datrex.com,1037;1186;1188;1191;1192;1193;1194;1195
18014,"Meguiar's, Inc.",www.marinerv.meguiars.com,1020;1021;1062;1063;1064;1065;1068
18015,Swim Platforms Inc.,www.swimplatforms.com,1031;1149
18016,Taylor Made Systems,www.taylormarine.com,1023;1031;1039;1085;1144;1146;1148;1151;1202
18017,Taylor Made Systems,www.taylormadegroup.com,1031;1146;1151
18018,Teak Isle Mfg.,www.teakisle.com,1019;1021;1023;1027;1028;1030;1031;1039;1055;1067;1073;1081;1124;1129;1133;1143;1144;1146;1147;1149;1202
18019,Technomarine,www.technomarineusa.com,
18020,"Tees By Bo, Inc.",Pending,1019;1053
18021,TEMPRESS FISH-ON!,www.tempress.com,1027;1028;1031;1039;1124;1133;1151;1202
18022,TerriCraft Creations,www.biminiclip.com,
18023,FreedomLift,www.freedomlift.com,1023;1031;1080;1082;1085;1087;1144;1149
18024,Switlik Survival Products,www.switlik.com,1019;1031;1037;1042;1054;1055;1144;1192;1193;1194;1195;1222
18025,Swell Advantage Ltd.,www.swelladvantage.com,
18026,Boatlink+,www.boatlinkplus.com,
18027,E-Z Anchor Puller Mfg. Co.,www.ezanchorpuller.com,1033;1038;1155;1199
18028,Slide Anchor,www.slideanchor.com,
18029,Taylor Made Group,www.taylormadegroup.com,1018;1020;1022;1023;1031;1032;1039;1046;1047;1060;1078;1079;1080;1146;1147;1151;1152;1154;1202
18030,"TideSlide Mooring Systems PSI Marine, Inc.",www.tideslide.com,
18031,HydroHoist Marine Group,www.boatlift.com,1018;1023;1025;1026;1032;1037;1047;1082;1084;1085;1086;1087;1088;1090;1102;1121;1152;1187
18032,FCI Watermakers,www.fciwatermakers.com,
18033,"Kasco Marine, Inc.",www.kascomarine.com,1021;1074
18034,"Nikon, Inc.",www.nikonusa.com,
18035,Trac Ecological of America Inc.,www.trac-online.com,
18036,"C.E. Smith Co., Inc.",www.cesmithco.com,1018;1027;1028;1040;1047;1124;1133;1209
18037,UFP by Dexter,www.dexteraxle.com,1040;1209
18038,"Load Rite Trailers, Inc.",www.loadrite.com,1040;1205;1208;1209
18039,"5 Starr Trailer Co., Inc.",www.loadrite.com,1040;1205;1208;1209
18040,TrakMaps,www.trakmaps.com,
18041,"Transhield, Inc.",www.transhield-usa.com,1022;1023;1076;1089
18042,TriVantage,www.trivantage.com,1022;1039;1076;1200
18043,Tricel Honeycomb Corp.,www.tricelcorp.com,1025;1100
18044,Bennett Marine a division of YMSC,www.bennetttrimtabs.com,1036;1180
18045,Crowedock Docking Systems (Div of Blackbird Holdings Ltd).,www.crowedock.com,
18046,"Trim-Lok, Inc.",www.trimlok.com,1021;1025;1067;1068;1106
18047,"Trimaco, LLC",www.trimaco.com,1020;1062;1066
18048,True Heading AB,www.trueheading.se,1024;1033;1034;1097;1156;1158;1164;1166;1170
18049,Tuff Torq Corporation,www.tufftorq.com,
18050,Chevron Global Lubricants,www.chevrontexaco.com/,1025;1113
18051,"EPCO Products, Inc.",www.epcomarineproducts.com,1031;1035;1040;1042;1145;1174;1177;1209;1221
18052,"Uflex U.S.A., Inc.",www.uflexusa.com,1024;1025;1026;1033;1036;1098;1108;1117;1156;1179
18053,"Ultra-SoniTec, LLC",www.ultra-sonitec.com,1020;1025;1062;1065;1107
18054,SeaSense,www.seasense.com,1018;1023;1029;1031;1032;1035;1037;1039;1040;1042;1043;1047;1048;1083;1134;1135;1137;1147;1152;1154;1172;1177;1191;1202;1209;1213
18055,Powrtran,www.powrtran.com,1025;1036;1105;1180;1182
18056,"Mustang Survival, Inc.",www.mustangsurvival.com,1037;1193;1194
18057,VM Custom Boat Trailers,www.vmboattrailers.com,
18058,"Veethree Electronics & Marine, LLC",www.v3instruments.com,1026;1033;1117;1159;1161
18059,Vertex Marine Inc.,www.vertex-marine.com,1024;1095
18060,Vico Plastics Inc.,www.vicomarine.com,
18061,Haartz Corporation,www.haartz.com,1039;1200;1201
18062,Island Boat Lettering,www.islandboatlettering.com,1037;1191
18063,Whale,www.whalepumps.com,1035;1175;1177
18064,"Poly-Planar Group, LLC",www.polyplanar.com,1033;1160
18065,Multinautic International,www.multinautic.com,
18066,"W.L. Gore & Associates, Inc.",www.gore.com/tenara,1039;1200
18067,Wave Armor,www.wavearmor.com,1018;1023;1031;1047;1082;1086;1091;1149
18068,"Marine Hardware, Inc.",www.marinehardware.com,1031;1144
18069,Golden Boat Lifts,www.goldenboatlifts.com,1023;1031;1080;1082;1084;1085;1086;1087;1144
18070,BCH Image Inc.,www.bchimage.com,1021;1037;1067;1191;1196
18071,Solas Science & Engineering Co. Ltd.,www.solaspropellers.com,1036;1042;1181;1221
18072,"Webasto Thermo & Comfort North America, Inc.",www.webasto-marine.com,1041;1210
18073,Welding World Inc.,www.weldingworldinc.com,1022;1029;1031;1077;1079;1137;1148
18074,"Centek Industries, Inc.",www.centekindustries.com,1035;1173
18075,Wet Sounds,www.wetsounds.com,1033;1160
18076,Veralex,www.veralex.net,1031;1151
18077,"NGK Spark Plugs, USA, Inc.",www.ngksparkplugs.com,1025;1109
18078,"NGK Spark Plugs USA, Inc.",www.ngksparkplugs.com,1025;1109
18079,White Water Marine Hardware,www.whitewatermh.com,1023;1024;1028;1031;1032;1036;1083;1098;1133;1149;1151;1154;1179
18080,WINSLOW LifeRaft Company,www.winslowliferaft.com,1037;1192;1195
18081,"Misters Unlimited, LLC",www.mistersunlimited.com,1024;1035;1041;1099;1175;1210
18082,"Roswell Global, Inc.",www.roswellwakeair.com,1022;1026;1032;1033;1079;1118;1154;1160
18083,Reimann & Georger Corp.,www.rgcproducts.com,1023;1082;1086;1091
18084,Webasto,www.webasto-marine.com,1041;1210;1211
18085,Wolo Manufacturing Corp.,www.wolo-mfg.com,1037;1190
18086,World Panel Products,www.worldpanel.com,
18087,WOW Sports LLC,www.wowwatersports.com,1042;1218;1221
18088,WSM Distributor's Inc.,www.wsmparts.com,1025;1029;1105;1106;1109;1110;1112;1113;1114;1115;1134;1135;1136
18089,Schneider Electric,www.xantrex.com,1024;1026;1032;1033;1037;1095;1117;1152;1161;1183
18090,Yacht Controller LLC,www.yachtcontroller.com,1034;1164
18091,YSR,www.ysronline.net,1020;1021;1062;1066;1073
18092,ZF Padova S.r.l.,www.zf.com,1024;1025;1036;1098;1111;1116;1179;1181
18093,ZF Friedrichshafen AG,www.zf.com,1025;1036;1111;1116;1179;1182
18095,"ZF Marine Propulsion Systems Miramar, LLC",www.zf.com/marine,1024;1025;1036;1098;1111;1116;1179
18096,Hercules Trailers LLC,www.herculestrailers.com,
18097,Maxwell America LLC,www.maxwellmarine.com,
18098,Vetus - Maxwell Inc.,www.vetus.com,1024;1025;1026;1029;1031;1033;1036;1037;1038;1098;1100;1110;1116;1117;1136;1146;1148;1155;1156;1181;1184;1190;1199
18099,"Vetus Maxwell, Inc.",www.vetus.com,1018;1024;1025;1026;1029;1031;1032;1033;1034;1036;1037;1043;1044;1048;1095;1097;1098;1100;1108;1110;1111;1116;1117;1135;1137;1138;1146;1148;1149;1151;1152;1154;1155;1161;1164;1169;1179;1184
18100,"Johnson Controls, Inc.",www.optimabatteries.com,1024;1037;1093;1183
18103,US Hoists Corporation,www.ushoists.com,
18105,Malibu Boats LLC - Trailers,www.malibuboats.com,1040;1205
18111,Intertape Polymer Corp.,www.itape.com,1025;1101
18112,"Western Branch Metals, LLC",www.wbmetals.com,
18117,"MJB Wood Group, Inc.",www.mjbwood.com,1021;1069
18119,Kelch - A Division of Bemis Manufacturing Company,www.kelch.com,
18120,Spectrum Color,www.spectrumcolor.com,1020;1021;1060;1063;1070;1072
18121,Jankel Tactical Systems,www.jankelts.com,
18141,Chip Holder Manufacturing,http://www.nmma.org,1018
18142,a,http://a,1018
18143,a,http://a,1018
18144,a,http://a,1018
18145,a,http://a,1018
18159,Test dma,http://t,1042;1222
18213,Great Lakes Anchors,"http://www.discoverboating,com",
18214,Great Lakes Anchors,"http://www.discoverboating,com",
18215,Great Lakes Anchors,"http://www.discoverboating,com",
18216,Great Lakes Anchors,"http://www.discoverboating,com",
18217,"GL Anchors, LLC",http://www.discoverboating.com,
18218,"GL Anchors, LLC",http://www.discoverboating.com,
18220,nmaa,http://www.armidatest.com,
18221,nmaa,http://www.armidatest.com,
18222,nmaa,http://www.armidatest.com,
18223,nmaa,http://www.armidatest.com,
18225,armida,http://www.armida.com,1020
18227,armida,http://www.products.com,1023
18231,"NorCross Marine Products, Inc",,1019;1238
18246,"EPCO Products, Inc.",,1040
18283,AO Coolers,,1019;1238
18301,Dakota Molding,www.dakotamolding.com,
18305,"Transducers Direct, LLC",www.transducersdirect.com,1033;1035;1037;1041;1157;1172;1175;1177;1184;1187;1210
18306,Nexteer,www.nexteer.com,1034;1036;1166;1179
18307,Smartrend,www.smartrendmfg.com,
18308,"Hydro Systems, Inc. dba Poly Lift Boat Lifts",www.polylift.com,1023;1082;1085;1086;1087
18310,"Wiggins Lift Co., Inc.",www.wigginslift.com,1023;1082;1087;1090
18311,Katadyn Desalination - Spectra Watermakers,www.spectrawatermakers.com,1035;1173
18378,T & C Metals,www.tc-alum.com,1023;1082
18381,Absolute Outdoor,www.absoluteoutdoorinc.com,1019;1037;1042;1054;1193;1194;1218;1220;1221
18400,MarineIO Inc.,www.marineio.com,
18403,Lonseal Flooring,www.lonsealspecialty.com,1020;1021;1061;1069
18404,REMEQ Inc.,www.remeq.com,1040;1205;1208
18417,"Seaflo Marine & RV North America, LLC",www.seaflousa.com,1021;1032;1035;1041;1067;1152;1172;1175;1176;1177;1210
18428,AccuDock,www.accudock.com,
18494,Throw Raft,www.throwraft.com,1037;1190;1193;1195
18510,SoftScience,,1019;1238
18511,"Shurhold Industries, Inc.",http://www.shurhold.com,
18512,"Shurhold Industries, Inc.",http://www.shurhold.com,
18513,"Shurhold Industries, Inc.",http://www.shurhold.com,
18514,"Shurhold Industries, Inc.",http://www.shurhold.com,
18515,"Shurhold Industries, Inc.",http://www.shurhold.com,
18516,"Shurhold Industries, Inc.",http://www.shurhold.com,
18517,Hurley Marine,http://hurleymarine.com,
18518,Hurley Marine,http://hurleymarine.com,
18519,Hurley Marine,http://hurleymarine.com,
18520,"Shurhold Industries, Inc.",,1020;1238
18521,Test,http://test,1039
18522,"Tecnografic, Inc.",www.tecnografic.com,1033;1161
18526,"BoatLIFE, Div. of Life Industries Corp.",,1020;1238
18527,Simrad,,1033;1238
18545,Advantec Manufacturing Canada,www.steelheadmarine.net,1023;1031;1080;1082;1085;1144
18549,Swim Platforms Inc.,,1037;1238
18550,Aquadrive Systems /Mack Boring,,1036
18565,APV Engineered Coatings,www.apvcoatings.com,1020;1065
18572,Adventure Sports,www.adventuresportsusa.com,1019;1053
18573,"ComMar Sales, LLC",www.commar.com,1018;1019;1020;1021;1022;1023;1024;1025;1026;1031;1032;1033;1034;1035;1036;1037;1038;1039;1041;1043;1055;1060;1062;1066;1068;1071;1079;1083;1093;1095;1098;1104;1107;1108;1117;1121;1144;1147;1149;1151;1152;1156;1157;1159;1160;1161;1162;1163;1167;1168;1169;1172;1174;1175;1176;1177;1179;1183;1184;1197;1202;1210;1212
18574,Cummins Inc.,www.cumminsengines.com/marine,1024;1025;1098;1108
18575,"Fay's Marina, Inc.",www.boatshop.com,1023;1082;1086
18576,Gregory Poole Equipment Company,www.gregorypoole.com,1037;1184
18577,Pleasurecraft Crusader,www.crusaderengines.com,1025;1108;1109;1116
18578,Yamaha Motor Corporation,www.yamaha-motor.com,
18579,Ocean Marketing Inc.,www.oceanmark.com,
18580,Caterpillar Marine Division,www.cat.com,1024;1025;1029;1095;1098;1108;1109;1113;1116;1134;1135
18581,"Mercury Marine, Ltd. (Canada)",www.mercurymarine.com,1024;1025;1029;1036;1093;1098;1108;1109;1113;1114;1137;1181
18582,Yamaha Marine Group,www.yamahaoutboards.com,
18583,Group Beneteau,www.fourwinns.com,
18584,SAIL Magazine,www.sailmagazine.com,1019;1051
18585,Thomas Marine Systems Inc.,www.chillmyboat.com,
18586,ER Wagner Mfg. Company,www.erwagner.com,1031;1039;1147;1202
18587,"Glidecoat a Division of Onan Technologies, Inc.",www.glidecoat.com,1020;1021;1025;1062;1070;1101
18588,"JL Marine Systems, Inc.",www.power-pole.com,1018;1027;1043;1124
18589,"TecNiq, Inc.",www.tecniqinc.com,1032;1040;1152;1154;1209
18591,Boat Bling Inc.,www.boatbling.net,1020;1062;1063
18592,MTI Industries,www.stamarine.com,1037;1185
18594,"Raptortek,Inc ",,1026;1238
18596,Subury Boat Care Products,,1020;1238
18597,Memphis Audio,www.memphiscaraudio.com,1026;1033;1118;1160
18598,Rhineland Cutlery,www.Rhinelandcutlery.com,1027;1030;1122;1141
18599,"Structure Marine Amarco, Inc. - Structurmarine",www.structurmarine.com,
18600,Antenna World Inc. dba AirWaveMarine Antennas,www.antennaworld.com,1034;1170
18601,"Propulse USA, Inc.",www.propulseusa.com,1036;1181
18602,Clarion Corporation of America,www.clarion.com,1033;1160;1162
18603,Lalizas USA Inc.,www.lalizas.com,1018;1022;1026;1030;1032;1033;1035;1036;1037;1038;1040;1042;1043;1044;1045;1046;1047;1048;1077;1118;1143;1154;1155;1174;1175;1178;1192;1193;1194;1199;1207;1213
18604,PTM Edge by Protomet,,1042;1238
18605,Zormot International Inc.,www.zormot.com,1023;1089
18611,"Accon Marine, LLC",,1031;1238
18613,"Kenyon International, Inc.",,1030;1238
18614,standard horizon,,1026;1238
18615,"FLOE International, Inc.",www.floeintl.com,1023;1082;1083;1091
18616,"Shurhold Industries, Inc",,1020;1238
18617,Metra Electronics,www.metraonline.com,1024;1026;1032;1093;1121;1152
18627,Sea Tow ,,1037;1238
18631,"Naiad Dynamics US, Inc.",,1036;1238
18634,"Aqua Marine Deck, Inc.",www.aquamarinedeck.com,1021;1031;1069;1073;1149
18635,"Fishing Holdings, LLC dba Ranger Boats",www.rangerboats.com,1040;1205
18636,Truth Fishing Reels 100%,www.truthreels.com,
18637,"Wave WiFi, Inc.",www.wavewifi.com,1033;1163
18640,Viatek Consumer Products Group,www.viatekproducts.com,
18641,BoatUS,,1021;1238
18642,BoatUS,,1037;1238
18643,Aquatic AV,,1026;1238
18644,FELL Marine Inc.,www.fellmarine.com,1037;1184;1186;1195
18645,Booyah Clean LLC,www.booyahclean.com,
18646,Ocean Signal,www.oceansignal.com,1037;1184;1186;1190;1194;1195
18684,"K2 Energy Solutions, Inc.",www.k2battery.com,
18714,Curtiss-Wright - Williams Controls,www.curtisswright.com,1024;1025;1033;1098;1108;1161
18715,SwingStoppers LLC,www.swingstoppers.com,
18718,Getsome Products LLC,www.getsomeproducts.com,
18736,Deep Trekker Inc.,www.deeptrekker.com,1026;1119
18738,Monster Tower,,1042;1238
18739,Monster Tower,,1042;1238
18740,Monster Tower,,1042;1238
18741,Flitz International,,1020;1238
18742,Anderson Metals Corp. Inc.,www.andersonmetals.com,1029;1031;1035;1136;1137;1147;1150;1174
18744,Kenyon International,,1019;1238
18745,"NorCross Marine Products, Inc.",,1033;1238
18746,"NorCross Marine Products, Inc.",,1027;1238
18747,AO Coolers,,1019;1238
18748,AO Coolers,,1019;1238
18750,"Entratech Systems, LLC",www.entratech.com,1029;1033;1037;1136;1161;1195
18758,"Bair Products, Inc., DBA / Aqua Stack Mat",www.aquastackmat.com,
18759,Weems & Plath,,1037;1238
18774,Mantus Anchors LLC,www.mantusanchors.com,1018;1043;1044
18775,"NorCross Marine Products, Inc.",,1027;1238
18777,Paris Corporation,,1019;1238
18790,LaVanture Products Company Inc.,www.lavanture.com,1025;1031;1032;1037;1040;1101;1145;1152;1183;1185;1187;1209
18811,Aventics,www.aventics.com/en/marine-technology,
18824,"DuraSafe, Inc.",,1027;1238
18828,Rockford Fosgate,www.rockfordcorp.com,1026;1033;1118;1160
18939,Cooper-Standard,www.cooperstandard-ISG.com,
18985,SureShade,www.sureshade.com,1022;1077;1078
18986,Magic Marine Tow Inc.,www.magicmarinetow.com,1040;1208;1209
19044,Norcross Marine Products Inc.,,1030;1238
19045,Norcross Marine Products Inc.,,1030;1238
19046,Norcross Marine Products Inc.,,1030;1238
19072,"NorCross Marine Products, Inc.",http://www.norcrossmarine.com,1030;1238
19086,"Morbern USA, Inc.",www.morbern.com,1039;1200
19130,Molex LLC,www.molex.com,1024;1032;1095;1152
19311,Chevron Lubricants,www.chevronlubricants.com,1025;1029;1113;1134
19439,"RB Royal Industries, Inc.",www.rbroyal.com,1029;1134;1136;1139
19679,Master-Mariner,www.master-mariner.com,
19680,Fixtech LLC,www.fixtechus.com,1021;1068;1073
19797,Hardline Products,www.hardlineproducts.com,1020;1021;1025;1037;1040;1064;1068;1107;1113;1191;1209
20197,"Seahorse Fender and Docking, LLC",www.seahorsefender.com,
20249,Swes Holdings Inc.,www.swesholdings.com,1024;1032;1037;1042;1094;1152;1195;1215
20319,AMMA Marine Inc.,www.ammamarine.ca,1018;1019;1020;1021;1022;1026;1028;1031;1033;1034;1035;1036;1037;1039;1044;1045;1047;1048;1055;1065;1071;1076;1077;1079;1117;1118;1130;1144;1145;1147;1148;1149;1150;1161;1170;1174;1179;1193;1202
20478,Dual Jet Marine,www.dualjetmarine.com,
20479,Component Engineers Inc.,www.ceiprecision.com,1023;1025;1031;1037;1083;1106;1147;1150;1189
20556,Coursemaster Hydrive,www.hydriveusa.com,1034;1036;1166;1179
20563,"Megaware KeelGuard, Inc.",www.keelguard.com,1021;1031;1037;1071;1144;1195
20564,Maxxsonics USA,www.maxxsonics.com,1026;1035;1118;1174
20565,Marine Canada Acquisition Inc. dba SeaStar Solutions,www.seastarsolutions.com,1024;1025;1026;1029;1032;1033;1034;1035;1036;1097;1105;1106;1108;1109;1113;1114;1115;1116;1117;1135;1137;1152;1161;1164;1173;1174;1179
20566,Marine Digital Integrators,www.seastarsolutions.com,1024;1033;1093;1157;1161
20567,Glomex Marine Antennas USA,www.glomex.us,1033;1161;1162;1163
20568,Monster Tower,www.monstertower.com,1022;1026;1042;1079;1118;1220;1221
20569,Westland Industries,www.westlandcovers.com,1022;1077
20581,Sea Vixen Tackle Company,www.seavixentackle.com,1019;1027;1028;1053;1123;1124;1126;1129
20590,BeaconWatch,www.beaconwatch.com,
20591,Ewide Networks Inc DBA Rheos,www.rheosgear.com,1019;1059
20592,Nauti-Tech Inc.,www.nauti-tech.com,1033;1157
20593,Samui Corp.,,1037;1190
20594,Navcast Inc.,www.skymate.com,1033;1158
20595,Professional Components Ltd. (Shockwave Seats),www.shockwaveseats.com,1039;1202
20598,Marsh Tacky Composites LLC (Marsh Tacky Carbon),www.marshtackycarbon.com,1022;1027;1028;1079;1124;1128;1132
20600,RT Marine,www.rtmarine.net,1021;1022;1032;1067;1079;1152
20603,Oil-Dri Corporation of America,www.oildri.net,1020;1062;1066
20604,Vesper Marine,www.vespermarine.com,1024;1034;1037;1097;1164;1186;1195
20605,Canadus Power Systems,www.canadus.com,1024;1037;1093;1183
20623,Waveflex by Protac,www.waveflex.com,1020;1021;1025;1061;1071;1073;1100;1101
20624,Geckobrands,www.geckobrands.com,1019;1020;1027;1030;1052;1059;1066;1124;1142
20625,"Pretech Co., Inc.",www.pretechco.com,1024;1025;1098;1108
20655,Sugino Machine Ltd. - Sugino Corp. (US),www.suginocorp.com,1025;1108;1111
20660,"Lund Manufacturing, LLC",www.jblunddock.com,1023;1082;1091
20682,"CleanTools, Inc.",www.boatloverstowel.com,1020;1060;1066
20686,Symtec Inc.,www.symtec-inc.com,1022;1036;1039;1076;1179;1202
20735,Lifeline Inflatable Services Inc.,www.lifelineinflatable.com,1037;1192
20738,PolyOne,www.polyone.com,1021;1025;1070;1072;1101
20772,"SLIPS Technologies, Inc.",www.slipstechnologies.com,1041;1212
20861,Tigress Outriggers & Gear,www.tigressoutriggers.com,1027;1028;1124;1127;1133
20926,Fugawi (now part of Johnson Outdoors Canada Inc.),www.fugawi.com,1033;1158
21038,Canadian Hydrographic Service,www.charts.gc.ca,1019;1034;1051;1171
21079,E-T-A Circuit Breakers,www.e-t-a.com,1024;1032;1095;1152
21121,Nautic-ON Division of Brunswick Corp.,www.nautic-on.com,1024;1026;1037;1099;1117;1186
21124,Albin Pump Marine,www.albinpumpmarine.com,1035;1041;1172;1174;1175;1176;1177;1210
21133,Power Docks LLC,www.power-docks.com,1018;1021;1023;1024;1037;1042;1046;1069;1081;1086;1091;1093;1183;1218
21168,TouchSensor Technologies LLC,www.touchsensor.com,1026;1032;1033;1035;1037;1040;1117;1152;1157;1161;1172;1176;1177;1190;1195;1209
21169,"Road King Trailers of Florida, LLC",www.roadkingtrailers.com,1040;1205
21178,Sprayway,www.spraywayinc.com,1020;1021;1062;1063;1064;1068
21179,Penray,www.penray.com,1020;1021;1062;1063;1064;1068
21180,Seaview,www.seaviewglobal.com,1022;1025;1031;1032;1033;1034;1042;1079;1101;1104;1145;1152;1154;1157;1164;1170;1213
21193,Grant Products International,www.grantproducts.com,1036;1179
21242,True Blue Power,www.truebluepowermarine.com,1024;1032;1037;1093;1152;1183
21258,Kanberra Group,www.kanberragel.com,1020;1062
21261,Dock Blocks of North America,www.dock-blocks.com,1023;1091
21275,Pioneer Electronics (USA) Inc.,www.pioneerelectronics.com,1026;1118
21276,"Blue Guard Innovations, a division of Z-Communications, Inc.",www.bluebgi.com,1035;1037;1172;1184
21293,"Innovative Products, LLC",www.innovativeproducts.co,1030;1031;1035;1141;1143;1147;1177
21298,"Vycom Plastics, Division of The AZEK Company",www.vycomplastics.com,1021;1067;1069
