Id,Name,PrimaryWeb,Visible,ImageName,AccountId,BoatTypes
14,War Eagle Boats,http://www.wareagleboats.com,1,,1615,778
471,Alumacraft,http://www.alumacraft.com,1,,1620,22;25;778
415,"Apex Marine, Inc.",http://apexmarineinc.com/,1,,1628,29
1265,Jeanneau,http://www.jeanneau.com,1,,1634,23;24;30;41;776
1291,Prestige Yachts,http://www.prestige-yachts.com,1,,1634,41
1293,Beneteau,http://www.beneteau.com/us,1,,1634,30;41;42;776
35,Sea Ark Boats ,http://www.seaarkboats.com,1,,1636,20;22;25;778
1215,Bluewater Sportfishing Boats,http://bluewatersportfishingboats.com/,1,,1640,22;23;26;28
366,Evinrude E-TEC,http://www.evinrude.com,1,,1644,77
500,Bayliner,http://www.bayliner.com,1,bayliner.png,1645,25;30;32;33;34
1163,Meridian Yachts,http://www.meridian-yachts.com,1,,1645,30;41
1208,Sea Ray Boats,http://searay.com/page.aspx/pageid/165813/bowriders.aspx,1,,1645,32
1280,Heyday,http://www.heydaywakeboats.com,1,,1645,32;37
1284,Sea Ray Boats,http://searay.com/page.aspx/pageid/165814/cabin-cruisers.aspx,1,,1645,30
1285,Sea Ray Boats,http://searay.com/page.aspx/pageid/165815/deck-boats.aspx,1,,1645,33
1286,Sea Ray Boats,http://searay.com/page.aspx/pageid/165816/fish-and-ski.aspx ,1,,1645,25
1287,Sea Ray Boats,http://searay.com/page.aspx/pageid/165817/inboard-ski-wakeboard-boats.aspx,1,,1645,37
1288,Sea Ray Boats,http://searay.com/page.aspx/pageid/165818/motor-yacht-cruisers.aspx,1,,1645,41
45,Bryant Boats,http://www.bryantboats.com,1,,1646,32;33;34
399,Campion,http://www.campionboats.com,1,,1648,22;23;24;25;30;32;34
1148,Svfara,http://www.campionboats.com,1,svfara.png,1648,32;37
1255,Reinell Boats,http://www.reinell.com,1,,1648,32
48,Caravelle Powerboats,http://caravelleboatgroup.com/,1,,1649,24;32;33
51,Carolina Skiff,http://www.carolinaskiff.com,1,,1652,22;23;26
537,Sea Chaser,http://www.carolinaskiff.com,1,,1652,22;23;24;34
53,Caterpillar,http://www.cat.com,1,,1654,79;80
54,Century Boats,http://www.centuryboats.com,1,,1655,23;24
56,Chaparral Boats,http://www.chaparralboats.com,1,,1657,25;30;32;33;34;41;60
347,Robalo Boats,http://www.robalo.com,1,,1657,23;24;25;26
1191,Chris-Craft,http://chriscraft.com/discover-boating/?utm_source=DiscoverBoating.com,1,criscraft.png,1659,23;25;32;34
60,Cobalt Boats,http://www.cobaltboats.com,1,,1661,30;32;34
1254,Marker One,http://www.markerone.com,1,,1661,29;33
61,Concept Boats,http://www.conceptboats.com,1,,1662,22;23;26;33
62,Contender Boats,http://www.contenderoffshore.com,1,,1663,23;28
316,Nautique Boats,http://www.nautique.com/discover-boating?utm_source=Discover+Boating,1,nautique.png,1664,32;37
1277,Bass Cat,http://www.basscat.com,1,,1664,20;22;26
481,Crestliner Boats ,http://www.crestliner.com,1,,1667,20;22;25;778
554,"Crownline Boats, Inc.",http://www.crownline.com,1,,1668,30;32;33;34
68,Crusader Engines,http://www.crusaderengines.com,1,,1669,79;80
69,Cummins MerCruiser Diesel ,http://www.cmdmarine.com,1,,1670,79;80
483,EdgeWater Power Boats,http://www.ewboats.com,1,,1680,22;23;24;25;26;32
83,Everglades Boats,http://www.evergladesboats.com,1,,1684,23;28
295,Centurion Boats,http://www.centurionboats.com,1,centurion.png,1689,32;37
1218,Ski Supreme,http://www.skisupreme.com/,1,,1689,32;37
1282,Trifecta Pontoons,http://www.trifectapontoon.com,1,,1690,29
331,South Bay Pontoons,http://www.southbaypontoon.com,1,,1690,29
1138,Berkshire Pontoons,http://www.berkshirepontoon.com,1,,1690,29
89,Forest River Marine,http://www.southbaypontoon.com,1,,1690,29
485,G3 Boats,http://www.g3boats.com,1,,1695,20;22;29;778
501,Aqua Patio,http://www.aquapatioboats.com,1,,1701,29
487,Godfrey Marine,http://www.godfreymarine.com,1,,1701,29
309,Sanpan,http://www.sanpanboats.com,1,,1701,29
310,Sweetwater,http://www.sweetwaterboats.com,1,,1701,29
377,Hurricane,http://www.hurricanedeckboats.com,1,,1701,25;33
102,Grady-White Boats,http://www.gradywhite.com ,1,,1703,23;24;25;26;28;32
489,Cypress Cay,http://www.cypresscaypontoons.com,1,,1707,25;29
386,Harris FloteBote,http://www.harrisflotebote.com,1,,1707,22;25;29
109,"Maverick Boat Company, Inc.",http://www.maverickboats.com,1,,1710,26
555,Hewes Boats,http://www.hewes.com,1,,1710,22;26
556,Pathfinder Boats,http://www.pathfinderboats.com,1,,1710,22;23
557,Cobia Boats,http://www.cobiaboats.com,1,,1710,22;23;25
111,Honda Marine,http://www.honda-marine.com,1,,1712,77;78
113,Ilmor Marine,http://www.ilmor.com/en,1,,1714,79;82
1199,Indmar Marine Engines,http://www.indmar.com,1,,1716,79;80
117,Intrepid Powerboats,http://www.intrepidboats.com,1,,1718,23;24;30;34
124,Jupiter Marine International,http://www.jupitermarine.com,1,,1725,23
490,Avalon Luxury Pontoons,http://www.avalonpontoons.com,1,,1727,29
355,Tahoe Pontoons (tm),http://www.tahoepontoons.com,1,,1727,29
131,Misty Harbor Boats,http://www.mistyharborboats.com,1,,1732,22;29
508,Lowe Boats,http://www.lowe.com,1,,1737,20;22;25;29;33;778
138,Lund Boats,http://www.lundboats.com,1,,1739,20;22;25;778
1281,Thunder Jet,http://www.thunderjet.com,1,,1739,22;24;778
140,Malibu Boats,http://www.malibuboats.com,1,malibu.png,1741,32;37
1178,Axis Wake Research,http://www.axiswake.com/,1,axis.png,1741,32;37
1200,MAN Engines,http://www.man-engines.com,1,,1742,79;80
612,Marine Power,http://www.marinepowerusa.com,1,,1745,79;80;82
1246,Marine Technology,http://marinetechnologyinc.com/,1,,1746,45
148,MasterCraft Boats,http://www.mastercraft.com,1,mastercraft.png,1749,25;32;37
1203,Mercury Marine,http://www.mercurymarine.com,1,,1754,77;78;79;80;81;82
154,Midnight Express Powerboats,http://www.midnightboats.com/,1,,1755,23;30
155,Monterey Boats,http://www.montereyboats.com,1,,1756,25;30;32;33;34;37
326,Tohatsu Outboards,http://www.tohatsu.com,1,,1763,77;78
1176,Nissan Marine,http://www.nissanmarine.com,1,,1763,77;78
164,Nordic Tugs,http://www.nordictugs.com,1,nordic.png,1765,30;41;42
560,MirroCraft ,http://www.mirrocraft.com,1,mirrocraft.png,1769,22;25;778
1190,Montego Bay,http://www.montegobaypontoons.com,1,,1769,29
179,Play Craft Boats,http://www.playcraftboats.com,1,,1780,29;33
180,Pleasurecraft Marine Engines,www.pleasurecraft.com,1,,1781,
181,Porta-Bote,http://www.porta-bote.com,1,porta-bote.png,1782,56
188,Pro-Line Boats,www.prolineboats.com,1,,1789,
342,Regal Boats,http://www.regalboats.com,1,regal.png,1794,25;30;32;33;34;41
194,Regulator Marine,http://www.regulatormarine.com/pages/discover-boating/?utm_source=Discover+Boating,1,,1795,23;28
196,Rinker Boats,http://www.rinkerboats.com,1,,1797,30;32;33;34
356,Tiara Yachts,http://www.tiarayachts.com,1,tiara.png,1800,28;30;41
357,Pursuit Boats,http://www.pursuitboats.com,1,,1800,23;24;25
200,Scout Boats,http://www.scoutboats.com/discoverboating,1,,1801,23;24;25;26;28
205,Sea Vee Boats,http://www.seaveeboats.com,1,,1806,22;23;34
207,SeaHunter Boats,http://www.seahunterboats.com,1,,1808,23
595,Skeeter Boats,http://www.skeeterboats.com,1,,1813,20;22;25;26
534,Moomba Boats,http://www.moomba.com,1,moomba.png,1814,32;37
213,Supra Boats,http://www.supraboats.com,1,supra.png,1814,32;37
215,Splendor Boats,http://www.splendorboats.com,1,,1816,33
216,Stamas Yacht,http://www.stamas.com,1,,1817,23
365,Starcraft Marine,http://www.starcraftmarine.com,1,,1818,20;22;25;29;32;33;778
320,Monark Marine,http://www.monarkmarine.com,1,,1818,22;25;29
219,Stingray Boats,http://www.stingrayboats.com,1,,1820,22;25;30;32;33;34
225,Suzuki Marine,http://www.suzukimarine.com,1,,1826,77;78
370,Formula Boats,http://www.formulaboats.com,1,formula.png,1829,30;32;34;37;41;45
230,Tige Boats,http://tige.com/discover-boating,1,tige.png,1831,32;37
232,Tracker Boats,http://www.trackerboats.com,1,,1833,20;22;25;778
285,Nitro,http://www.nitroboats.com,1,,1833,20;22;25
286,Sun Tracker,http://www.suntrackerboats.com,1,,1833,22;29;33
287,Tahoe,http://www.tahoesportboats.com,1,,1833,25;32;33
559,MAKO,http://www.mako-boats.com,1,,1833,22;23;24;26
574,Grizzly,http://www.trackerboats.com,1,,1833,22
1262,Regency Pontoons,http://www.regencyboats.com,1,,1833,29
234,Manitou Pontoon Boats,http://www.manitoupontoonboats.com,1,,1835,29
496,Volvo Penta,http://www.volvopenta.com/us,1,,1843,79;80;81
246,Weldcraft,http://weld-craft.com,1,,1847,22;778
1202,Westerbeke,http://www.westerbeke.com,1,,1849,80
251,World Cat,http://www.worldcat.com,1,world-cat.png,1852,22;23;24;25;34;58
252,Xpress Boats - Aluma-Weld,http://www.xpressboats.com,1,,1853,20;22;26;778
1207,Veranda Marine,http://www.verandamarine.com/home/,1,,1853,29
497,Yamaha Motors,http://www.yamaha-motor.com,1,,1854,77;78;82
498,Yamaha WaterCraft,http://www.YamahaWaveRunners.com,1,yamaha.png,1855,68
1214,Yamaha Boats,http://www.yamahaboats.com,1,,1855,23;25;32;33;37;60
255,Yanmar Marine,http://www.yanmarmarnie.com,1,,1856,79;80
258,Zodiac,http://www.zodiacmarineusa.com,1,,1859,23;56;63
402,Cruisers Yachts,http://www.cruisersyachts.com,1,,1877,30;32;34;41
278,Smoker Craft,http://www.smokercraft.com,1,,1879,22;25;29;778
392,Sylvan,http://www.sylvanmarine.com,1,sylvan.png,1879,22;25;29;33;778
393,Sunchaser,http://www.sunchaserboats.com,1,,1879,29
297,Carver Yachts,http://www.carveryachts.com,1,,1881,41
302,Larson Boats,http://www.larsonboats.com/discoverboating?utm_source=DiscoverBoating.com,1,,1881,22;25;29;30;32;34
303,Marquis Yachts,http://www.marquisyachts.com,1,,1881,41
511,Striper Boats,http://www.striperboats.com,1,,1881,22;23;24;28;32;34
1252,Larson Escape,http://www.larsonescape.com/discoverboating?utm_source=DiscoverBoating.com,1,,1881,29
1253,Larson FX,http://www.larsonfxseries.com/discoverboating?utm_source=DiscoverBoating.com,1,,1881,22;25
363,Boston Whaler,http://www.whaler.com,1,,1883,22;23;24;25;28;32
362,Back Cove Yachts,http://www.backcoveyachts.com,1,,1884,30
335,Sabre Yachts,http://www.sabreyachts.com,1,sabre-yachts.png,1884,30;41;42
591,Test Brand,,1,,1976,20
614,Hannay's,hannaysmarine.com,1,,1992,515;516;518;519;523;524;525;526;530;531;532;533;534;540;542;543;548;552;554;556;559;560;563;572;573;581;582;584;590;591;592;596;597;601;604;605;606;607;608;611;616;620;622;625;626;627;630;633;634;635;636;637;638;639;642;646;647;649;651;654;660;661;663;666;667;669;670;672;673;674;678;681;687;688;689;690;703;709;711;713;716;718;719;720;733;734;735;736;737;753;761;762;769;775
364,Marlow-Hunter,http://www.marlow-hunter.com,1,marlow-hunter.png,2120,776
1235,Marlow-Pilot,http://www.marlow-pilot.com,1,,2120,30;42
615,Defender Industries,www.defender.com,1,,2138,515;516;517;518;519;520;521;522;523;524;525;526;527;529;530;531;532;533;534;537;538;540;542;543;548;549;550;552;553;554;555;556;559;560;563;564;567;568;569;570;572;573;574;575;576;577;578;579;580;581;582;583;584;586;587;588;589;590;591;592;593;594;595;596;597;598;599;601;602;603;604;605;606;607;608;609;610;611;612;613;614;615;616;617;618;620;621;622;623;624;625;626;627;628;629;630;631;632;633;634;635;636;637;638;639;640;642;644;646;647;654;655;656;657;658;660;661;662;663;664;665;666;667;668;669;670;671;672;673;674;675;677;678;679;680;681;682;683;684;686;687;688;689;690;693;694;695;696;699;701;702;703;704;705;706;707;709;710;711;713;714;715;716;717;718;719;720;721;722;723;724;725;726;727;729;730;731;733;734;735;736;737;753;755;756;757;758;761;762;764;767;769;772;773
616,Marine Dynamics,"",1,,2876,560;735;736;737
552,Achilles Inflatable Boats,http://www.achillesboats.com,1,achilles.png,2971,56;63
1206,Mercury Inflatables,http://www.mercurymarine.com/inflatable-boats/browse/,1,,2972,56;63
1212,Walker Bay,http://www.walkerbay.com,1,,2973,56;63;776
597,Catalina Yachts,http://www.catalinayachts.com,1,catalina-yachts.png,3053,48;51;776
1184,Hunt Yachts,http://www.huntyachts.com,1,hunt-yachts.png,3057,23;30;41;63
1221,Mikelson Yachts,http://www.mikelsonyachts.com,1,,3058,28
1244,Pond King,http://www.pondking.com,1,,3181,22;29
1216,Southwind Boats,http://www.southwindboats.com,1,,3204,33
587,Sailfish Boats,http://www.sailfishboats.com,1,,3204,22;23;24;25;26
1183,Bertram,http://www.bertram.com,1,,3253,28;30
594,Sea-Doo,http://sea-doo.com,1,sea-doo.png,3341,68
1154,Stanley Aluminum Boats,http://www.stanleyboats.ca,1,,3378,22;23;28
1144,Lund Boat Company,http://lundboats.com,1,,3394,20;22;25;28;778
1289,Thunder Jet,http://www.thunderjet.com,1,,3394,22;24;778
1156,Limestone,http://www.medeiros-boatworks.com,1,,3396,23;34
610,Monaro,http://www.monaromarine.com,1,monaro.png,3401,30
1143,Princecraft,http://www.princecraft.com,1,,3408,20;22;25;29;32;33;778
1140,Houseboat Manufacturing,http://www.twinanchors.com,1,,3419,61
1129,Yamaha Motor Canada,http://www.yamaha-motor.ca,1,,3421,77;78
1158,G3 Boats,http://www.g3boats.com/,1,,3421,22;25;29;778
1167,Yamaha WaveRunner,http://www.yamaha-motor.ca,1,,3421,68;82
1236,Yamaha Sport Boats,http://www.yamaha-motor.ca,1,,3421,32;60;82
611,Legend,http://www.legendboats.com,1,,3526,22;25;29;778
359,Bennington,http://www.benningtonmarine.com,1,,3557,29
619,Paws Aboard,http://www.pawsaboard.com,1,,3595,516;661;670;713;720;724
620,Barr Marine By Edm,http://www.barrmarine.net,1,,3596,626;632
621,Ez Towel,http://www.eztowel.com,1,,3597,542
622,Robin Industries Aftermarket Division,www.robin-aftermarket.com,1,,3598,762
623,Corona Brushes,http://www.coronabrushes.com,1,,3599,542;553;753
625,Paradox Marine,http://www.paradoxmarine.com,1,,3601,572;582;593;607;616;715;746
626,Itc,http://www.manufacturersselect.com,1,,3602,667;686;687;689;690;702
629,Algae-X International,http://www.algae-x.net,1,,3605,633;634;753
630,Trolling Thunder/enersys,http://www.trollingthunderfactory.com,1,,3606,572
633,Cleantools,http://www.theabsorber.com,1,,3609,542
635,Lear Chemical Research,http://www.learchemical.com,1,,3611,540;543;552;576
636,Attwood Corporation,http://www.attwoodmarine.com,1,,3612,515;516;518;519;520;524;525;526;530;531;532;533;560;572;573;581;605;633;636;646;649;651;654;662;663;666;667;668;669;671;674;686;687;688;689;690;703;733;734;736;737;758;761;762
638,Marine Interiors & Accessories,www.marine-mag.com,1,,3614,566
644,Furrion,http://www.furrion.com,1,,3620,523;573;577;582
645,Tropical Music International,http://www.worldofboating.com,1,,3621,567;597;748
646,Buffalo Industries,http://www.buffaloind.com,1,,3622,542;553;556;620;753
647,Pretech Company,http://www.pretechco.com,1,,3623,622;630;635;637;646
649,Megaware Keelguard,http://www.keelguard.com,1,,3625,525;548;554;556;647;762
651,Ongaro Marine,http://www.ongaromarine.com,1,,3627,572;581;584;622;646
653,Clymer Publications/intertec/w,http://www.clymer.com,1,,3629,556;563
656,Shell Engineering,http://www.ezty.com,1,,3632,516;523;524;526;661;666;667
659,Cobra Electronics,http://www.cobra.com,1,,3635,590;593;603;606;607;608;611;612;615;618;715
664,Cequent Trailer Products,http://www.cequentgroup.com,1,,3640,690;761;762
665,E-Tec Marine Products,http://www.etecmarine.com,1,,3641,522;532;542;649;651;662;666;667;673;686;687;688
666,Rushorporated,http://www.rushinc.net,1,,3642,525;696;699;713;720;768;773
668,Loudliquid Tower Accessories,www.loudliquid.com,1,,3644,597;671
671,Atlantic Towers,http://www.atlantictowers.com,1,,3647,669;671
672,Precision Propeller,http://www.precisionpropeller.com,1,,3648,642
674,Storm Case By Hardigg,http://www.stormcase.com,1,,3650,522;537;593;597;601;602;603;611;616;649;715;718;719;725;753;765;772;774;775
676,Bms International,www.bobsmachine.com                                                                                 ,1,,3652,560;624;626;629;632;637;638;647
677,Turning Point Propellers,http://www.turningpointpropellers.com,1,,3653,642
679,Hydro Industries,http://www.no-crank.com,1,,3655,523;542;649;753
682,Ehlert Publishing Group,http://www.boating-industry.com,1,,3658,565;566;567;570
684,Springfield Marine Company,http://www.springfieldgrp.com,1,,3660,516;520;654;657;661;662;666;667;669;670;681;734;735;736
685,Innovative Lighting,http://www.innovativelight.com,1,,3661,581;649;686;687;688;689;690;714;725;726;761;762
686,"O'neil Mfg., Dba Rodsaver Marine",http://www.rodsaver.com,1,,3662,649;651;762
687,Pyramid Technologies Industrial,http://www.pyramidtech.com,1,,3663,516;521;579;661;667;670;686;687;688;689;690;714;715;726
688,Charles Industries,http://www.charlesindustries.com,1,,3664,572;573;575;579;582;592
689,Qa Worldwide,http://www.qaworldwide.com,1,,3665,523;524;526;542;572;573;603;649;667;680;693;725;729;730;753;765;768;772;775
690,L.p.i. Consumer Products,http://lpiproducts.com,1,,3666,611;714;726
691,Fortress Marine Anchors,http://www.fortressanchors.com,1,,3667,515
693,Sea-Fire Marine,http://www.sea-fire.com,1,,3669,578;593;715;716;717
695,Gail Force Water Sports,http://www.gailforcewatersports.com,1,,3671,775
698,Anderson Marine Division,http://www.pmlights.com,1,,3674,686;687;688;689;690;761;762
699,Vitrifrigo America,http://www.vfamerica.com,1,,3675,579;658;755
700,Larand Products,http://www.larandproducts.com,1,,3676,633;636;666;667;729;731
701,Cdi Electronicsdivision Of Rapair,http://www.cdielectronics.com,1,,3677,573;577;626;631;638;753
702,Dutton-Lainson,http://www.dutton-lainson.com,1,,3678,515;762
703,Ball Bounce And Sport,http://www.g2water.com,1,,3679,518;525
704,Queasy Drops,www.queasydrops.com,1,,3680,649;696;718
705,Polyform U.s.,http://www.polyformus.com,1,,3681,518;524;525;649
707,Tempo Products,http://www.tempoproducts.com,1,,3683,526;553;620;633;667
708,Blue Water Marine Paint,http://www.bluewatermarinepaint.com,1,,3684,537;538;553;555;556;559
711,Marine Electric Suppliers,http://www.mesmarine.com,1,,3687,573;574;626;645;647
713,Babe's Boat Care Products,http://www.babesboats.com,1,,3689,540;542
714,Standard Horizon,http://www.standardhorizon.com,1,,3690,590;592;593;598;603;604;606;607;608;609;610;611;612;613;614;615
716,Lifelong Locks,http://www.lifelonglocks.com,1,,3692,762
717,Powertech! Marine Propellers,http://www.ptprop.com,1,,3693,642
719,Johnson Pumps Of America,http://www.johnson-pump.com,1,,3695,552;578;583;591;593;623;626;649;650;702;703;704;705;714;715;756;758
720,Sportsstuff,http://www.sportsstuff.com,1,,3696,719;720;766;767;775
723,"Ngk Spark Plugs, Usa",http://www.ngksparkplugs.com,1,,3699,638
724,Tmc Technology Group,http://www.tmcint.com,1,,3700,583;584;625;667;677;689;690;702;703;704;758
725,Smart Energy Solutions Dba Battery Brain,http://www.smgy.net,1,,3701,572;573;575;577;578;591;622;715
726,Force 10 Marine,http://www.kuumaproducts.com,1,,3702,654;655;706
729,Scepter Corporation,http://www.scepter.ca,1,,3705,572;577;591;620;633;636;658;669;671;703;705;733;734;735;736
730,Briter Innovations,http://www.briterinnovations.com,1,,3706,623;690
734,Dual Electronics Corporation,http://www.dualav.com,1,,3710,593;597
738,Torqeedo Gmbh,http://www.torqeedo.com,1,,3713,626
739,Gilmore Boating Products Int'l,www.snubbers.com                                                                                    ,1,,3714,515;524;526;667;729
740,Bulzeye Marine Systems,http://www.bulzeye.biz,1,,3715,526;725
741,Navionics,http://www.navionics.com,1,,3716,568;569;589;590;592;593;606;607;611;612;649;651;715
743,Taco Metals,http://www.tacomarine.com,1,,3718,532;649;651;667;669;673;690;734;736
744,Marine Development & Research,http://www.mdramazon.com,1,,3719,537;538;540;543;553;554;634
745,Barnacle Guard Aust Pty,http://www.barnacleguard.com,1,,3720,523;542
747,Marina & Dock Equipment,http://www.dockequipment.com,1,,3722,516;522;523;525;526;582;649;651;661;663;686;733
751,Midsun Specialty Products,http://www.tommytape.com,1,,3726,548;549;559;573;649;650;651;660;662;666;667;668;702;703;704;705;706;707;709;710;711;730;731
755,Ameritool Manufacturing,http://www.ameritoolmfg.com,1,,3730,665;675;680
756,Bellko Marine -Conntek Unit,http://www.conntek.com,1,,3731,573;579;582;667
757,Whale Water Systems,http://www.whalepumps.com,1,,3732,649;702;703;704;705;707
759,Fireboy-Xintex,http://www.fireboy-xintex.com,1,,3734,591;592;656;715;716;717
761,Bainbridge International,http://www.bainbridgeint.com,1,,3736,523;531;533;684;711;729;730
766,Teak Isle Mfg.,http://www.teakisle.com,1,,3741,649;665;667;670;680;681
767,Kasco Marine,http://www.kascomarine.com,1,,3742,521
770,Cole Hersee,http://www.colehersee.com,1,,3745,572;573;578;583;584;589;593;638;641;688;714;724;761;762
771,Marine Accessories,http://www.marine-accessories.com,1,,3746,530;532;533;534;637
772,Bep Marine,http://www.bepmarine.com,1,,3747,572;573;578;579;582;583;584;591;592;628;686;687;688;690;758
773,Qingdao Wang Bao Qiang Industry,http://www.wangbq.com,1,,3748,515;520;523;526;662;666;667;674;729;730;758;762
776,Athena Brands,http://www.athenabrands.com,1,,3751,597;618;654;690;714;718;726
779,National Marine Representatives Assn.,http://www.nmraonline.org,1,,3754,739;741;748;749
780,Todd Enterprises,http://www.toddusa.com,1,,3755,516;522;572;591;635;649;651;661;669;670;681;703;733;734;735;736
783,Pelican Products,http://www.pelican.com,1,,3758,649;650;651;690;693;725;753;765
784,Hydrohoist Boat Lifts,http://www.boatlift.com,1,,3759,522;523;524;525;579;582;583;768
785,Lake Lite,www.lakelite.com,1,,3760,523;686;726
786,Newcon Optik,http://www.newcon-optik.com,1,,3761,602
787,Whitecap Industries,http://www.whitecapindustries.net,1,,3762,515;516;517;520;524;526;532;622;649;661;663;667;668;675;686;687;689;690;702;710;719;729;758
788,Noco Company,http://www.noco.biz,1,,3763,540;542;543;572;753
789,Monarch Moor Whips,http://www.monarchproducts.com,1,,3764,523;524;525;526;532;663
795,Acr Electronics,http://www.acrelectronics.com,1,,3770,593;690;715;726
796,Enginecheckup,http://www.enginecheckup.com,1,,3771,631;725;753
797,Marinetech Products,http://www.marinetech.info,1,,3772,515;572;577;586;591;594;622;624;663;667;709;710;711
799,Aquatic Av,http://www.aquaticav.com,1,,3774,597
803,WinslowÂ® Liferaft,http://www.winslowliferaft.com,1,,3778,713;721;764;767
805,Phoenix Resins/mas Epoxies,http://www.masepoxies.com,1,,3780,548;556
806,Greenfield Products,http://www.greenfieldfinishing.com,1,,3781,515;649
807,Colligo Nautigue,http://www.colligomarine.com,1,,3782,515;526;729;730
809,Boeshield T-9/ Pms Product,www.boeshield.com                                                                                   ,1,,3784,543
811,Caframo,http://www.caframo.com,1,,3786,572;757;758
813,Gem Products,http://www.gemlux.com,1,,3788,649;663;665;667
817,Orion Safety/standard Fusee,http://www.orionsignals.com,1,,3792,714;715;718;719;722;726
818,Sound Around,http://www.pyleaudio.com/,1,,3793,597;607;611
819,Prospec Electronics,http://www.prospecelectronics.com,1,,3794,597
820,Home Port Marine Marketing,http://www.homeportmarine.com,1,,3795,567;741;750
821,International Marketing Services (ims),http://www.durahub.com,1,,3796,652;762
822,Michigan Wheel,http://www.miwheel.com,1,,3797,642
823,Suncor Stainless,http://www.suncorstainless.com,1,,3798,515;667;668;686;687;729;730;762
824,First Mate Marine Engines,http://www.firstmatemarine.net,1,,3799,625;626;627;628;629;630;631
825,Ducky Products,http://www.duckyproducts.com,1,,3800,540;542;543;549;556
826,Wiseco Piston,http://www.wiseco.com,1,,3801,626
827,Camco Manufacturing,http://www.camco.net,1,,3802,520;540;543;582;657;681;761;762
829,Mobilarm Limited,http://www.mobilarm.com,1,,3804,593;715;725
832,Arrowhead Electronical Products,http://www.arrowheadep.com,1,,3807,574;591;645;647
833,Itw Philadelphia Resins,http://www.marinetex.com,1,,3808,538;542;543;548;556
834,Deck Rite,http://www.deckrite.com,1,,3809,525;531;556;678
835,Shurhold Industries,http://www.shurhold.com,1,,3810,523;526;540;542;543;560;570;633;634;649;651;652;769
836,Golight,http://www.golight.com,1,,3811,689;690
837,Great Marine Marketing,http://www.greatmarine.com,1,,3812,529;530;532;542;554;588;597;734;736;761;762
841,A.s.a. (audiovox Specialized Applications),http://www.asaelectronics.com,1,,3816,593;597;715
843,Bearing Buddy,http://www.bearingbuddy.com,1,,3818,762
845,Falcon Safety Products,http://www.falconsafety.com,1,,3820,526;714
846,Seasucker,http://www.seasucker.com,1,,3821,516;524;542;593;611;613;649;651;658;661;662;663;666;667;669;670;674;680;681;689;690;693;703;715;716;719;724;725;726;734;736;737;753;765;766;767;768;769;772;774;775
847,Deco Mobility,http://www.decomobility.com,1,,3822,762;765
849,Crc Industries,http://www.crcindustries.com,1,,3824,540;543;552;559;634
851,Innovative Product Solutions,http://www.gotoips.com,1,,3826,649;665;675
852,Optronics,http://www.optronicsinc.com,1,,3827,602;605;649;686;687;690;761;762
855,C.e. Smith,http://www.cesmithco.com,1,,3830,515;517;525;530;533;649;651;660;662;667;689;761;762
856,Turquois,http://www.marinepartdepot.com,1,,3831,515;530;532;649;660;663;666;667;668;729;730
858,Titan/goodyear,http://www.titan-intl.com,1,,3833,762
859,Meguiar's,http://marinerv.meguiars.com/,1,,3834,540;542
861,System Three Resins,http://www.systemthree.com,1,,3836,548;553;555;556;559
862,Marktech Optoelectronics,http://www.marktechopto.com,1,,3837,573;686;687;688
864,Delta T Systems,,1,,3839,625;758
866,Itt Industries-Jabsco/rule/flojet,http://www.jabsco.com,1,,3841,540;559;605;611;650;674;677;686;687;689;690;702;703;704;705;707;758
867,Dustless Technologies,http://www.dustmuzzle.com,1,,3842,556;725;753
872,Stowmate Storage Organizers,http://www.stowmate.com,1,,3847,530;531;532;649;657;669;671;675;677;679;680;683;718;720;725;733;737;753;764;766;767
874,Lowrance -- Navico,http://www.lowrance.com,1,,3849,590;591;603;604;606;607;610;611;612;613
875,Trimax / Wyers Products Group,http://www.trimaxlocks.com,1,,3850,725;762
877,Tempress Products,http://www.tempress.com,1,,3852,523;524;531;649;669;675;680;684;725;733;734;735;736
879,New Dimension Towers,http://www.newdimensiontowers.com,1,,3854,671
880,Tecnoseal Di Scotto,http://www.tecnoseal.com,1,,3855,543;626;643
881,Coleman Company,http://www.coleman.com,1,,3856,525;649;654;657;658;677;681;690;718;720;735;767;775
882,Brunger Export,http://www.brungerexport.com,1,,3857,515;516;523;525;530;531;533;537;538;542;543;572;573;574;575;576;578;581;582;583;584;590;591;593;596;597;602;603;604;622;626;627;628;632;633;635;636;637;638;642;645;646;647;649;651;652;658;661;662;663;666;667;668;669;670;671;672;674;675;677;678;681;682;684;686;687;688;689;690;703;704;705;709;710;711;715;716;717;720;726;729;733;734;735;736;739;758;761;762;767;768;769;775
883,Mcgard,http://www.mcgard.com,1,,3858,666;725;762
884,Star Brite,http://www.starbrite.com,1,,3859,540;542;543;548;553;554;556;559
885,Ocean Equipment,http://www.oceanequipment.com,1,,3860,523;542;578;580;590;591;592;593;596;598;599;601;605;607;608;611;616;649;660;662;668;673;681;714;715;723;762
887,Hammerhead Cleaning Frenzy!,http://www.hammerheadboatworks.com,1,,3862,540;542;554
888,Qingdao Highroad International Trade C,http://www.highroad.cn,1,,3863,515;516;517;518;520;521;522;523;524;525;526;527;531;533;573;646;649;651;652;660;661;662;663;665;666;667;668;670;671;673;674;675;686;687;688;689;690;693;694;695;696;703;706;709;710;711;713;714;715;716;717;718;719;720;721;722;723;724;725;726;727;729;730;753;761;762;764;765;766;767;768;769;771;772;774;775
889,Fasnap,http://www.fasnap.com,1,,3864,666;753
895,Mariner's Choice Corp,http://www.marinerschoice.net,1,,3870,540
898,Garelick Manufacturing,http://www.garelick.com,1,,3873,516;532;542;661;662;669;670;681;684;733;734;735;736
899,Ritchie Navigation,http://www.richienavigation.com,1,,3874,592;605;611
900,Professional Mariner,http://www.promariner.com,1,,3875,543;572;575;578;593
902,Buck Algonquin Company,www.buckalgonquin.com                                                                               ,1,,3877,643;663;667;670;753
903,Dicapac Usa,www.dicapac.com,1,,3878,693;765;773;775
905,Trac Ecological Of America,http://www.trac-online.com,1,,3880,540;623;702;704
906,Marinepro /das,http://www.das-roadpro.com,1,,3881,575;579;593;654;657;658;660;690;694;753
907,Uflex U.s.a.,http://www.uflexusa.com,1,,3882,586;591;621;622;624;627;630;635;637;646;647;667;672
910,Trident Security Concepts - Yeti,http://www.myyeti.com,1,,3885,578;593;714;715;725
911,G & T Industries,http://www.gtglobalproductsolutions.com,1,,3886,540
912,Boatlife Life Industries,http://www.boatlife.com,1,,3887,540;542;543;548;554;555;556;559;725;753
913,Polygard,http://www.hibond.net,1,,3888,540;548;549;556;753
914,Sideshift,http://www.sideshft.com,1,,3889,621
915,Hella Marine,http://www.hellamarine.com,1,,3890,686;687;689;690;758;761
917,Norcross Marine Products,http://www.norcrossmarine.com,1,,3892,590;591;593;649;651;693;714;715;762;764;765;766;767;768;771;775
918,Spray Nine Corporation,http://www.spraynine.com,1,,3893,540;542
919,Interstate Batteries,http://www.interstatebatteries.com,1,,3894,572
920,China Industry & Marine Hardware,http://www.cimqd.com,1,,3895,515;516;520;526;583;636;662;663;667;668;687;703;711;729;730;762
921,Int'l Boat Industry/boating Publication,http://www.ibinews.com,1,,3896,565;566;567
922,Powrtran,http://www.powrtran.com,1,,3897,586;624;630;647;662;666
923,Seloc Publishing,http://www.selocmarine.com,1,,3898,556;563;567;749;753
924,Bass Hunter Boats,http://www.basshunter.com,1,,3899,764;766
927,Oil-Dri Corporation Of America,http://www.oildri.com,1,,3902,542;552;556;620;639
928,C-Map/usa,http://www.c-map.com,1,,3903,589;606;607;611;612;649
930,3m Marine,http://www.3m.com/marine,1,,3905,538;540;542;548;549;556;559;666;730;761;762
931,Float Tech,http://www.floattech.com,1,,3906,649;696;720
932,Diesel Tex,http://www.dieseltex.com,1,,3907,633;634
934,Aqua Signal Corporation,http://www.aquasignal.net,1,,3909,581;686;687;688;689;690
935,"R.r. Forrest, / Aqua Lantern",www.aqualantern.com,1,,3910,518;523;524;525;526;649;686;689;765;775
937,Lawrence Industries,http://www.novaflex.com,1,,3912,636
938,Imtra Corporation,http://www.imtra.com,1,,3913,515;527;584;595;601;621;660;675;686;687;688;690;709;710;711
939,Clean Water Solutions,http://www.cleanwatersolutionsinc.com,1,,3914,542;543;554
940,Unified Marine,http://www.seasense.com,1,,3915,515;516;519;524;525;526;540;572;573;583;649;663;666;667;670;686;687;689;690;703;709;710;711;719;725;726;736;737;761;762
942,North State Tackle,http://www.northstatetackle.com,1,,3917,649;719
944,Ningbo Metals & Wire Rope Fittings,http://www.chinamwf.com,1,,3919,520;667
947,Boat Leveler,http://www.insta-trim.com,1,,3922,591;637;647
948,Newmar,http://www.newmarpower.com,1,,3923,572;573;575;577;578;579;581;582;583;591;592;593;601;609;753
949,Deepsea Power & Light,http://www.deepsee.com,1,,3924,688;689
950,Sport Marine Technologies,http://www.sesport.com,1,,3925,560
951,Boatbuckle Brand Tie-Down Systems,http://www.boatbuckle.com,1,,3926,649;724;762
952,Marine Fasteners,http://www.marfas.com,1,,3927,666
953,Midland Radio Corporation,www.midlandradio.com                                                                                ,1,,3928,593;603;604;615;618
954,Mallory Marine Products,http://www.mallorymarine.com,1,,3929,540;552;556;563;574;620;623;626;631;633;634;636;637;638;639;643;645;647;666;753
955,Endurance Marine,http://www.endurance-marine.com,1,,3930,527;669;674;767
959,Lasdrop - Nautical Specialties,http://www.lasdrop.com,1,,3934,643
960,Dr. Shrink,http://www.dr-shrink.com,1,,3935,526;531;533;534;542;543;753;758;762
961,Ancor Marine Products,http://www.ancorproducts.com,1,,3936,572;573;577;753
963,Boatwise Innovative Products,,1,,3938,620;667;703
964,Aviva Sports,http://www.goaviva.com,1,,3939,523;670;767;770;775
965,Nauticus,http://www.nauticusinc.com,1,,3940,560;647;667;672;764;775
966,Powerwinch Carefree Colorado,http://www.carefreeofcolorado.com,1,,3941,515;527;529;649;711;762
967,Andersen Manufacturing,http://www.anderseninc.com,1,,3942,526;762
968,Blue Sea Systems,http://www.bluesea.com,1,,3943,572;573;577;578;582;583
969,Taylor Made Group,http://www.taylormadeproducts.com,1,,3944,518;522;523;524;525;526;529;530;531;532;533;534;567;569;573;581;663;665;666;667;669;671;675;686;687;688;689;690;713;719;720;726;729;730;736;737;762;768;769
971,Marine Depot,http://www.marinedepot.us,1,,3946,515;516;520;526;527;649;660;661;662;663;665;666;667;668;670;675;681;682;686;687;688;689;690;729;734;736;737;758
976,Pela Products,http://www.pelaproducts.com,1,,3951,552
978,Little Dipper Deckbrush Company,http://thelittledipperdeckbrush.com,1,,3953,542
979,Soundings Publications,http://www.tradeonlytoday.com,1,,3954,565;566;567
980,Transhield,http://www.transhield-usa.com,1,,3955,531;532;533
981,Caviness Woodworking,http://www.cavinesspaddles.com,1,,3956,769
982,Ram Mounting Systems,www.ram-mount.com,1,,3957,589;590;607;611;649;651;662
984,Superclean Brands,http://www.superclean.com,1,,3959,540;554
985,North Sports,http://www.aquaglide.net,1,,3960,516;767;772;775
987,Slide Anchor,http://www.slideanchor.com,1,,3962,515;516;523;526
988,Rampmaster/mullen Marine,www.rampmaster.org,1,,3963,523
989,Sea-Dog Line Sea-Dog,http://www.sea-dog.com,1,,3964,515;516;517;520;523;524;526;532;572;573;577;578;580;581;583;584;591;592;622;625;627;636;638;646;649;661;662;663;666;667;668;670;681;686;687;688;689;690;714;719;726;729;730;737;758;761;762;769;772;775
990,Salt-Away Products,http://www.saltawayproducts.com,1,,3965,540;542;543
991,Teleflex Marine,http://www.teleflexmarine.com,1,,3966,591;596;622;626;627;633;635;637;638;645;646
992,Two Loons Trading,http://www.swifthitch.net,1,,3967,762
994,Flexdel,http://www.aquagard-boatpaint.com,1,,3969,537;538;553
999,Absorbtex / Wipendry,http://www.absorbtex.com,1,,3974,542
1002,Dometic Sanitation Corporation,http://www.dometicsanitation.com,1,,3977,677;703;704
1003,Durasafe,http://www.durasafelocks.com,1,,3978,590;642;652;725;762
1005,Kwik Tek,http://www.kwiktek.com,1,,3980,515;518;523;524;525;526;543;709;710;711;713;715;718;719;720;727;765;767;768;769;774;775
1006,Boat Bling,http://www.boatbling.net,1,,3981,540;542;543;554
1008,Trident Rubber,http://www.tridentmarine.com,1,,3983,578;592;593;620;623;625;626;632;633;636;637;654;655;656;667;673;702;704;705;714;715;755;756;758
1010,Marinco Recreational Group,http://www.marinco.com,1,,3985,515;516;572;573;576;581;582;583;584;649;661;670;682;687;688;690;758
1011,Happy Thru Hulls,http://www.thruhullsavers.com,1,,3986,542;667;703
1014,Solas Science & Engineering,http://www.solas.com,1,,3989,642
1016,Quick Structures,http://www.quickstructures.com,1,,3991,523;529;531;533
1017,Canada Metal (pacific),http://www.cmpglobal.com,1,,3992,543;586;626;667
1020,Adventure Blu,http://www.adventureblu.com,1,,3995,714;719;725;726
1021,Winning Edge Water Sports,http://www.winningedgewatersports.com,1,,3996,649;693;694;699;710;711;719;720;765;767;768;773;775
1022,Boat Bunkers,http://www.stowawayboatfenders.com,1,,3997,524;525;526
1023,Oxi Brands,http://www.oxibrands.com,1,,3998,540
1024,Integrated Logistics,http://www.i-log.net,1,,3999,540
1032,Mother's Polishes Waxes Cleaners,http://www.mothers.com,1,,4007,540;542;543;554
1034,Keelshield,http://www.keelshield.com,1,,4009,522;523;526;649;686;687;764;766;768
1035,Dock Edge +,http://www.dockedge.com,1,,4010,516;518;523;524;525;526;661;662;663;678;713;718
1036,Action Products,http://www.actionp.com,1,,4011,515;518;572;649;667;669;684;733;734;735;736;762;769
1037,Perko,http://www.perko.com,1,,4012,523;524;526;572;581;649;651;663;666;667;686;687;688;689;690
1039,Soundown,www.soundown.com                                                                                    ,1,,4014,644
1041,Wooster Brush,http://www.woosterbrush.com,1,,4016,542;550
1042,Switlik Parachute,http://www.switlik.com,1,,4017,713;718;720;721;722;724;725;727
1044,Yeti Coolers,http://www.yeticoolers.com,1,,4019,658
1046,Buztronics,http://www.streetfxseries.com/marine-led-lighting.asp,1,,4021,686;687;690
1049,Mates,http://www.firstmates.org,1,,4024,589;742;743
1052,Handiman Marine,http://www.handimanmarine.com,1,,4027,548;573;666;667;675;688
1053,Wise Company,http://www.wiseseats.com,1,,4028,735;736
1054,Cal-June,http://www.jimbuoy.com,1,,4029,518;524;525;526;713;714;715;719;720;721;726
1055,S.m. Arnold,http://www.smarnoldinc.com,1,,4030,542;556;753;765;775
1056,Magma Products,http://www.magmaproducts.com,1,,4031,530;532;560;649;654;657
1057,Top Tape & Label,http://www.incomdirect.com,1,,4032,529;530;531;533;534;548;556;559;670;675;720;721;726;730;761;764;767;772
1058,Jamak Fabrication,www.launchnload.com,1,,4033,762
1060,Team Tech,www.beckynickol.com,1,,4035,542;762
1062,Budge Industries,http://www.budgeindustries.com,1,,4037,531
1064,Swobbit Products,http://www.swobbit.com,1,,4039,542;556;649;651;683;707
1065,Quick Srl,http://www.quickusa.com,1,,4040,515;526;527;572;573;575;577;593;621;622;667;674;688;689;703;706
1067,Midwest Acorn Nut Company,http://www.midwestacornnut.com,1,,4042,540;662;663;666;667
1068,Poly-Planar,http://www.polyplanar.com,1,,4043,597
1069,Seafarer International,www.seafarerinternational.com,1,,4044,593;597;603;614;615;618
1070,Floatstep,http://www.floatstep.com,1,,4045,516;523;670
1071,Abi,http://www.abimarine.com,1,,4046,515;516;520;524;526;527;550;587;588;632;633;635;646;649;651;658;660;661;662;663;667;670;674;675;677;687;688;689;703;729;730;731;753;758;769
1073,Marine Products International,http://www.marinehose.com,1,,4048,623;632;633;636;702;703
1074,T-H Marine Supplies,http://www.thmarine.com,1,,4049,515;572;593;622;624;629;630;636;637;647;649;650;651;662;663;665;667;672;675;686;687;688;689;690;702;703;737;761;762
1075,Itw Evercoat,http://www.evercoat.com,1,,4050,556
1076,Boss Audio Systems,http://www.bossaudio.com,1,,4051,593;597
1077,Dometic - Marine Air,http://www.dometicenviro.com,1,,4052,572;654;655;658;703;755;756;758
1078,Beckson Marine,http://www.beckson.com,1,,4053,665;667;675;703;758
1080,Shurflo Pump Manufacturing,http://www.shurflo.com,1,,4055,649;702;703;704;705;707;758
1082,Redtree Industries,http://www.redtreeind.com,1,,4057,537;538;542;550;553;556;753
1083,Rope-A-Boat,www.rope-a-boat.com                                                                                 ,1,,4058,526;762
1084,Mpc Network,www.mpcnetwork.com,1,,4059,563;565
1085,Tie Down Engineering,http://www.tiedown.com,1,,4060,515;663;762
1086,Lubrimatic Productstomkins Company,http://www.plews.com,1,,4061,540;552;560;634;636;639;640;666;753
1087,Faria Marine Instruments,http://www.faria-instruments.com,1,,4062,577;578;590;591;592;594;596
1088,Sea Sharp Products,http://www.seasharp.com,1,,4063,595;597
1089,Davis Instruments,http://www.davisnet.com/marine,1,,4064,516;524;540;542;548;550;552;559;560;563;577;578;587;591;594;598;599;605;618;639;649;651;663;667;670;686;687;688;690;723;729;757;758;769
1091,Mcmurdo / Revere Supply,http://www.reveresupply.com,1,,4066,713;714;715;718;720;721;722;726;727
1092,Performance Metals,http://www.performancemetals.com,1,,4067,543;556
1093,Sbm Sandoval's Beach Mate,,1,,4068,515;523
1094,Mcculloch Corporation,http://www.mccullochpower.com,1,,4069,574;753
1095,South Pacific Industrial Pty,www.southpacific.com.au                                                                             ,1,,4070,527
1096,Moeller Marine Products,http://www.moellermp.com,1,,4071,537;572;593;620;633;649;650;651;667;669;673;703;734;735;736
1097,Dive N Dog,http://www.divendog.com,1,,4072,515;516;517;661;668;670
1098,Terricraft Creations,http://www.biminiclip.com,1,,4073,532;666
1099,Stor-Mate,,1,,4074,522
1104,International Dock Prod.,http://www.dockproducts.com,1,,4079,516;522;523;524;525;582;663;686
1105,Boater Sports,http://www.boatersports.com,1,,4080,515;516;524;525;526;530;532;533;572;573;581;583;649;660;661;662;663;666;667;670;674;675;686;687;688;689;690;703;709;710;711;714;719;761;762
1106,American Outdoors,http://www.aocoolers.com,1,,4081,658
1107,Stearns,http://www.stearnsinc.com,1,,4082,694;699;709;710;711;720;727;767;769
1108,Gold Eagle Company,http://www.goldeagle.com,1,,4083,540;560;634
1109,Aqualuma (amg),http://www.aqualuma.com,1,,4084,686;689;690
1111,Shelby Industries,http://www.shelbyindustries.com,1,,4086,762
1114,Raritan Engineering,http://www.raritaneng.com,1,,4089,540;594;655;658;677;702;703;704;705;706
1115,"Epco, (gatortuff)",http://www.gatortuff.com,1,,4090,532;762
1117,Tri Star/kenwood,http://www.tristardistributing.com,1,,4092,593;597
1119,Mustang Survival,http://www.mustangsurvival.com,1,,4094,696;699;713;720;727
1120,Si-Port Industries,http://www.sportbbq.com,1,,4095,654
1122,Indel Marine Usa,http://www.indelmarineusa.com,1,,4097,658;706;725
1125,Air-Tight,http://www.airtighthubs.com,1,,4100,762
1134,Landau,http://www.landauboats.com,1,,4276,29
1185,Ranger Tugs,http://www.rangertugs.com,1,ranger-tugs.png,4396,41;42
1192,Cutwater Boats,http://www.cutwaterboats.com,1,cutwater.png,4396,30;42
1188,AB Inflatables,http://www.abinflatables.com,1,ab-inflatables.png,4453,25;56;63
1166,Kawasaki,http://kawasaki.com/Products/Watercraft.aspx,1,kawasaki.png,4455,68
1168,Four Winns,http://www.fourwinns.com/,1,four-winns.png,4480,25;30;32;33;34
1169,Glastron,http://www.glastron.com,1,,4480,25;30;32;33;34;60
1170,Wellcraft,http://www.wellcraft.com/,1,wellcraft.png,4480,23;24;25;26
1223,Scarab Boats,http://www.scarabjetboats.com,1,,4480,32;60
1187,Cigarette,http://www.cigaretteracing.com,1,cigarette.png,4512,23;45
1193,Duckworth Boats,http://www.duckworthboats.com,1,duckworth.png,4534,22;60;778
1194,Weldcraft Marine,http://www.weldcraftmarine.com,1,weldcraft-boats.png,4534,22;60;778
1195,Northwest Boats,http://www.northwest-boats.com,1,northwest-boats.png,4534,22;60;778
1197,FLOE CRAFT Afina,http://www.floeintl.com,1,,4535,30;33;41;42
1217,Sportsman,https://www.sportsmanboatsmfg.com/discover-boating,1,,4586,22;23;26
1222,Suzuki,http://marine.suzuki.ca,1,,4595,78
1224,Invincible Boats,http://www.invincibleboats.com,1,,4598,22;23;28
1232,Ranger Aluminum,http://www.rangeraluminum.com,1,,4605,20;22;23;778
1233,Ranger Boats,http://www.rangerboats.com,1,,4605,20;22;25;26
1234,Stratos,http://www.stratosboats.com,1,,4605,20;22;25
1278,Triton Boats,http://www.tritonboats.com,1,,4605,20;22;25;26;778
1276,Pacific Skiffs,http://www.pacificskiffs.com,1,,4609,23;24
1237,Crest Pontoons,http://www.crestpontoonboats.com,1,,4611,29
1249,Belzona Marine,http://www.belzonamarine.com,1,,4617,23;24
1250,Dave's Custom Boats,http://www.dcbperformanceboats.com,1,,4622,45
1251,Baja Marine,http://www.bajamarine.com,1,,4623,32;45
1259,"ADA Boats, Inc.",http://www.adaboats.com,1,,4627,33
1266,Leopard Catamarans,http://www.leopardcatamarans.com/,1,,4629,41;58;776
1271,Crevalle Boats,http://www.crevalleboats.com,1,,4630,22;23;25;26
1260,Hydra Sports ,http://www.hydrasports.com,1,,4634,22;23;28
1263,Island Boats,http://www.islandboats.com,1,,4643,29
1267,Bestway Inc.,http://www.bestwaycorp.us/Product/Main/18,1,,4651,63
1268,Flexboat,http://www.aiboats.com/,1,,4653,63
1283,Kawasaki Canada,http://www.kawasaki.ca,1,,4707,68
1290,Southport Boats ,http://www.southportboats.com,1,,4721,23
1292,Pavati,http://www.pavati.com ,1,,4727,37
1294,Barletta ,http://www.barlettapontoonboats.com,1,,4739,29
